사업장명,좌표정보(X),좌표정보(Y),도로명주소,병상수,입원실수,의료인수,cluster,혼잡도,hpid_x,dutyName_x,dutyAddr_x,hpid_y,dutyName_y,dutyAddr_y,hpid,dutyName,dutyAddr
포레스트병원,199642.716240024,452606.614384676,"서울특별시 종로구 율곡로 164, 지하1,2층,1층일부,2~8층 (원남동)",92.0,36.0,42.0,0,보통,,,,,,,,,
로이병원,197212.364862058,456055.205802855,"서울특별시 종로구 평창문화로 75, 글로리아타운 2층일부,3,5층 (평창동)",131.0,32.0,19.0,0,혼잡,,,,,,,,,
서울숭인병원,201728.010848506,452416.82550417,"서울특별시 종로구 종로 386, 6.7.8.9층 (숭인동)",114.0,29.0,19.0,0,혼잡,,,,,,,,,
참바로병원,201400.824438273,451528.012185815,"서울특별시 중구 다산로 258, 리마크빌 동대문 2,3층 (흥인동)",57.0,11.0,28.0,0,보통,,,,,,,,,
국립중앙의료원,200461.421710224,451682.120811509,"서울특별시 중구 을지로 245, 국립중앙의료원 (을지로6가)",499.0,120.0,842.0,1,여유,A1100052,국립중앙의료원,"서울특별시 중구 을지로 245, 국립중앙의료원 (을지로6가)",A1100052,국립중앙의료원,"서울특별시 중구 을지로 245, 국립중앙의료원 (을지로6가)",A1100052,국립중앙의료원,"서울특별시 중구 을지로 245, 국립중앙의료원 (을지로6가)"
학교법인대진교육재단 제인병원,204968.468327442,449690.197895816,서울특별시 성동구 광나루로 243 (송정동),98.0,31.0,20.0,0,혼잡,,,,,,,,,
9988병원,203242.775760419,450703.100046897,서울특별시 성동구 왕십리로 269 (행당동),44.0,12.0,14.0,0,보통,,,,,,,,,
연세바로척병원,205665.640838329,449129.621885233,서울특별시 성동구 동일로 133 (성수동2가),69.0,22.0,15.0,0,혼잡,,,,,,,,,
바른본병원,207625.005710016,450175.247405254,서울특별시 광진구 천호대로 630 (능동),41.0,12.0,28.0,0,여유,,,,,,,,,
연세무척나은병원,207076.829146902,450443.588513839,서울특별시 광진구 천호대로 568 (능동),41.0,9.0,28.0,0,여유,,,,,,,,,
서울프라임병원,205558.67706739,448728.056778367,"서울특별시 광진구 동일로 92-1, B1~2, 2~7층 (자양동)",59.0,20.0,12.0,0,혼잡,,,,,,,,,
서울탑병원,203109.595530999,453230.287283096,"서울특별시 동대문구 정릉천동로 102, 지하1층~지상4층 (제기동)",129.0,39.0,66.0,0,여유,,,,,,,,,
엔플러스병원,206344.162717169,452578.5598439,"서울특별시 동대문구 장한로32길 7, 장안동의료시설 (장안동)",72.0,47.0,35.0,0,보통,,,,,,,,,
서울나은병원,203350.938246277,452917.201468717,서울특별시 동대문구 왕산로 137 (제기동),72.0,15.0,21.0,0,혼잡,,,,,,,,,
참튼튼병원,206056.59490363,452278.21455164,서울특별시 동대문구 답십리로 261 (장안동),84.0,16.0,32.0,0,보통,,,,,,,,,
날개병원,202533.326115758,453257.581750017,서울특별시 동대문구 무학로 193-1 (용두동),39.0,9.0,12.0,0,혼잡,,,,,,,,,
린여성병원,206099.743325087,452218.18881442,"서울특별시 동대문구 답십리로 266, 파워스빌딩 (장안동)",60.0,38.0,38.0,0,여유,,,,,,,,,
하늘병원,204831.461305899,451444.505952989,"서울특별시 동대문구 천호대로 317, 하늘병원 (답십리동)",77.0,20.0,33.0,0,보통,,,,,,,,,
왕십리휴병원,202670.049271259,452196.571007272,"서울특별시 동대문구 무학로 88 (용두동, 지하2~지상8층)",200.0,65.0,85.0,2,보통,,,,,,,,,
서울특별시서울의료원,208580.409647184,456742.947541604,서울특별시 중랑구 신내로 156 (신내동),651.0,176.0,1056.0,1,여유,A1100035,서울특별시서울의료원,서울특별시 중랑구 신내로 156 (신내동),A1100035,서울특별시서울의료원,서울특별시 중랑구 신내로 156 (신내동),A1100035,서울특별시서울의료원,서울특별시 중랑구 신내로 156 (신내동)
디앤에프병원,207125.811484424,455464.287801328,"서울특별시 중랑구 봉화산로 64 (중화동, 디엔에프병원)",66.0,18.0,27.0,0,보통,,,,,,,,,
팔팔병원,206970.931160172,454293.539072489,"서울특별시 중랑구 동일로 679 (면목동, 88병원)",86.0,15.0,57.0,0,여유,,,,,,,,,
서울정병원,207702.839931452,453039.34552948,"서울특별시 중랑구 면목로 310, 4,5,6,7층일부층 (면목동)",53.0,9.0,13.0,0,혼잡,,,,,,,,,
늘찬병원,206963.656507439,453966.434982103,"서울특별시 중랑구 동일로 643, 화성빌딩 지하1, 2~8층 (면목동)",43.0,14.0,37.0,0,여유,,,,,,,,,
러스크서울병원,209144.172317054,455311.560177952,서울특별시 중랑구 망우로 470 (망우동),200.0,54.0,58.0,2,혼잡,,,,,,,,,
연세산돌병원,208664.15211223,454762.013502246,"서울특별시 중랑구 봉우재로 234, 연세산돌병원 지하1층~7층 (망우동)",44.0,15.0,26.0,0,여유,,,,,,,,,
학교법인 고려중앙학원 고려대학교의과대학부속병원(안암병원),202313.850759843,453871.264665299,"서울특별시 성북구 고려대로 73, 고려대병원 (안암동5가)",944.0,264.0,2095.0,1,여유,,,,,,,,,
더서울병원,201389.393007427,454658.210922524,"서울특별시 성북구 아리랑로 16, 3~7층 (동선동4가)",58.0,16.0,30.0,0,여유,,,,,,,,,
성북우리아이들병원,202518.375589119,456065.671970878,서울특별시 성북구 동소문로46길 10 (하월곡동),78.0,52.0,85.0,0,여유,,,,,,,,,
서울현대병원,202451.867599327,459765.521965024,"서울특별시 강북구 도봉로 374 (번동, 서울현대병원)",183.0,47.0,96.0,2,여유,A1100172,서울현대병원,"서울특별시 강북구 도봉로 374 (번동, 서울현대병원)",A1100172,서울현대병원,"서울특별시 강북구 도봉로 374 (번동, 서울현대병원)",A1100172,서울현대병원,"서울특별시 강북구 도봉로 374 (번동, 서울현대병원)"
강북우리병원,201930.770048587,460020.981733386,"서울특별시 강북구 한천로 1083, 수유동 (수유동, 광산타워)",83.0,17.0,47.0,0,여유,,,,,,,,,
강북으뜸병원,202240.855124105,458118.709572688,"서울특별시 강북구 도봉로 187, 지하1층, 지상1층~지상5층 (미아동)",64.0,19.0,19.0,0,혼잡,A1121842,강북으뜸병원,"서울특별시 강북구 도봉로 187, 지하1층, 지상1층~지상5층 (미아동)",A1121842,강북으뜸병원,"서울특별시 강북구 도봉로 187, 지하1층, 지상1층~지상5층 (미아동)",A1121842,강북으뜸병원,"서울특별시 강북구 도봉로 187, 지하1층, 지상1층~지상5층 (미아동)"
서울유병원,202541.070832521,457081.260634815,"서울특별시 강북구 도봉로 77, 지하2층~지하1층, 3층~8층층 (미아동)",54.0,24.0,43.0,0,여유,,,,,,,,,
정석병원,205550.908407551,461343.062226682,"서울특별시 노원구 노해로 502, 2층, 3층, 5층 (상계동)",53.0,10.0,32.0,0,여유,,,,,,,,,
강북연세병원,206592.199165568,457438.713791301,서울특별시 노원구 동일로 996 (공릉동),82.0,20.0,74.0,0,여유,,,,,,,,,
새힘병원,205922.151234054,461261.657201799,서울특별시 노원구 노원로 416(상계동),48.0,16.0,25.0,0,여유,,,,,,,,,
본바움병원,193651.134148026,456526.076692087,"서울특별시 은평구 불광로 29, 3~11층 (대조동)",47.0,15.0,37.0,0,여유,,,,,,,,,
최원호병원,193205.566015544,455829.616998307,"서울특별시 은평구 서오릉로 45, 최원호병원 (녹번동)",90.0,18.0,36.0,0,보통,A1117070,최원호병원,"서울특별시 은평구 서오릉로 45, 최원호병원 (녹번동)",A1117070,최원호병원,"서울특별시 은평구 서오릉로 45, 최원호병원 (녹번동)",A1117070,최원호병원,"서울특별시 은평구 서오릉로 45, 최원호병원 (녹번동)"
의료법인 성누가의료재단 성누가병원,193778.708753016,456467.985518055,"서울특별시 은평구 통일로 726, 불광메디컬타워 1~12층 (불광동)",30.0,10.0,19.0,0,여유,,,,,,,,,
리드힐병원,192551.98978217,455278.568446081,"서울특별시 은평구 연서로 10, 지하2~지상9층 (역촌동)",40.0,15.0,24.0,0,여유,,,,,,,,,
가자연세병원,192562.973370487,451852.14962353,"서울특별시 서대문구 수색로 18, 2~5층 (남가좌동, 영보웨딩부페)",40.0,12.0,32.0,0,여유,,,,,,,,,
연세한강병원,195051.53369717,448575.956518546,"서울특별시 마포구 마포대로 25, 대농빌딩 2,3,5층 (마포동)",49.0,14.0,36.0,0,여유,,,,,,,,,
세솟는정형외과병원,194363.589730635,450007.19193806,"서울특별시 마포구 백범로 26, 세솟는병원 (신수동)",30.0,10.0,10.0,0,보통,,,,,,,,,
위비앙병원,195728.22322929,450517.899048451,서울특별시 마포구 신촌로 240 (아현동),43.0,18.0,20.0,0,보통,,,,,,,,,
서울연세병원,194654.585202529,448914.521960764,"서울특별시 마포구 토정로 271, 대현빌딩 지하1층,지상2~6층 (용강동)",44.0,14.0,26.0,0,여유,,,,,,,,,
올센병원,194681.263317912,449408.790227561,"서울특별시 마포구 독막로 241, 지하2-3층, 지상2-5층 (대흥동)",58.0,18.0,29.0,0,보통,,,,,,,,,
서울특별시서남병원,185179.358877689,445532.444934761,서울특별시 양천구 신정이펜1로 20 (신정동),297.0,76.0,368.0,2,여유,A1100223,서울특별시서남병원,서울특별시 양천구 신정이펜1로 20 (신정동),A1100223,서울특별시서남병원,서울특별시 양천구 신정이펜1로 20 (신정동),A1100223,서울특별시서남병원,서울특별시 양천구 신정이펜1로 20 (신정동)
목동제일여성병원,186831.15837972,446764.915938532,서울특별시 양천구 중앙로 300 (신정동),39.0,22.0,7.0,0,혼잡,,,,,,,,,
방화병원,183500.183270254,452337.321434998,"서울특별시 강서구 양천로 92, 지하1, 지상1~6층 층호 (방화동, 방화정형외과)",30.0,11.0,12.0,0,보통,,,,,,,,,
서울고든병원,187974.228864018,450369.165403996,"서울특별시 강서구 양천로 600, 파인블루빌딩 지하1층,2,7,8층 ,9,10호 (등촌동)",84.0,20.0,49.0,0,여유,,,,,,,,,
서울큰나무병원,185617.497941805,449153.637971735,"서울특별시 강서구 강서로 206, 1층일부,2~6층 (화곡동)",82.0,23.0,37.0,0,보통,,,,,,,,,
이화여자대학교의과대학부속서울병원,185455.170806691,450604.239360205,"서울특별시 강서구 공항대로 260, 이화의대부속서울병원 (마곡동)",854.0,429.0,2043.0,1,여유,A1120796,이화여자대학교의과대학부속서울병원,"서울특별시 강서구 공항대로 260, 이화의대부속서울병원 (마곡동)",A1120796,이화여자대학교의과대학부속서울병원,"서울특별시 강서구 공항대로 260, 이화의대부속서울병원 (마곡동)",A1120796,이화여자대학교의과대학부속서울병원,"서울특별시 강서구 공항대로 260, 이화의대부속서울병원 (마곡동)"
강서바른세상병원,183284.388090473,451554.110365625,"서울특별시 강서구 금낭화로 9, 바른세상병원 1~7층 (방화동)",118.0,34.0,44.0,0,보통,,,,,,,,,
에스앤유서울병원,185253.47815088,450811.037605568,"서울특별시 강서구 공항대로 237, 에이스타워 마곡 3,4,5,6층 (마곡동)",89.0,25.0,89.0,0,여유,,,,,,,,,
서울원병원,185725.161390724,448911.264785071,"서울특별시 강서구 강서로 179, 6~10층 (화곡동)",68.0,24.0,34.0,0,보통,,,,,,,,,
비에스코아이비인후과병원,185487.641769266,450280.85856253,"서울특별시 강서구 강서로 323, 4~8층 (내발산동)",35.0,21.0,23.0,0,여유,,,,,,,,,
서울필병원,185569.392871863,450611.074306467,서울특별시 강서구 강서로 357 (내발산동),72.0,24.0,34.0,0,보통,,,,,,,,,
원탑병원,187868.192160081,447679.060113622,"서울특별시 강서구 등촌로 15, 3~6층 (화곡동)",74.0,20.0,34.0,0,보통,,,,,,,,,
강서푸른꿈성모어린이병원,186299.74267687,450792.016505679,"서울특별시 강서구 공항대로41길 34, 플러스존 3,8,9층 (등촌동)",68.0,43.0,33.0,0,보통,,,,,,,,,
서울대효병원,185417.671117954,449870.265715482,"서울특별시 강서구 강서로47가길 33, 덕산빌딩 2,3,4,5,6층 (내발산동)",147.0,27.0,50.0,0,보통,,,,,,,,,
강서힘찬병원,185851.053632398,450781.441229945,"서울특별시 강서구 강서로56길 38, 강서힘찬병원 (등촌동)",113.0,24.0,82.0,0,여유,,,,,,,,,
부민병원,186764.38128991,450518.080943938,"서울특별시 강서구 공항대로 389, 부민병원 (등촌동)",300.0,124.0,362.0,2,여유,A1100036,부민병원,"서울특별시 강서구 공항대로 389, 부민병원 (등촌동)",A1100036,부민병원,"서울특별시 강서구 공항대로 389, 부민병원 (등촌동)",A1100036,부민병원,"서울특별시 강서구 공항대로 389, 부민병원 (등촌동)"
우리들병원,182141.205465089,451078.47991,서울특별시 강서구 하늘길 70 (과해동),165.0,41.0,139.0,2,여유,A1100042,우리들병원,서울특별시 강서구 하늘길 70 (과해동),A1100042,우리들병원,서울특별시 강서구 하늘길 70 (과해동),A1100042,우리들병원,서울특별시 강서구 하늘길 70 (과해동)
목동현대웰병원,187589.446384647,444825.082812753,"서울특별시 구로구 중앙로 91, 본소클리닉스 (고척동)",78.0,21.0,28.0,0,보통,,,,,,,,,
의료법인 서울효천의료재단 에이치플러스재활자립병원,190344.191572332,444414.17086261,"서울특별시 구로구 공원로6가길 4, 고려 수 타워 (구로동)",142.0,39.0,53.0,0,보통,,,,,,,,,
포그니병원,187826.698183821,443925.52468616,"서울특별시 구로구 경인로 393-7, 일이삼전자타운 2동 6,7층 (고척동)",99.0,36.0,18.0,0,혼잡,,,,,,,,,
참튼튼병원,191118.289291823,442223.132052108,"서울특별시 구로구 시흥대로 547, 금강빌딩 지하1,2~10층(구로동), 디지털로32가길 25, 티타운빌딩 B102,103,205,206,302 (구로동)",56.0,12.0,62.0,0,여유,,,,,,,,,
예스병원,189614.168824038,443289.375602701,"서울특별시 구로구 구로동로 147, MEDI FLOWER 147 (구로동)",58.0,12.0,42.0,0,여유,,,,,,,,,
삼성미래여성병원,185818.005782408,443237.927427791,"서울특별시 구로구 서해안로 2296, 삼성미래여성병원 (오류동)",51.0,33.0,21.0,0,보통,,,,,,,,,
의료법인 우리아이들 의료재단 우리아이들병원,189538.879839832,444449.405034497,"서울특별시 구로구 새말로 15, 2~10층,11층 일부호 (구로동, 삼전 솔하임)",73.0,54.0,76.0,0,여유,,,,,,,,,
아름제일병원,190244.829015482,444811.238193821,"서울특별시 구로구 새말로 94, 2~6층, 9층 / 새말로 110 지하1층동 3~6층 (구로동)",97.0,44.0,49.0,0,보통,,,,,,,,,
연세사랑모아여성병원,187606.693801873,444911.925277155,서울특별시 구로구 중앙로 100 (고척동),31.0,17.0,10.0,0,보통,,,,,,,,,
새움병원,190879.785534795,441215.679173384,"서울특별시 금천구 시흥대로139길 8, 새움병원 (독산동)",100.0,29.0,71.0,0,여유,,,,,,,,,
서울대효병원,191191.868732053,439144.877856068,"서울특별시 금천구 시흥대로 230, 서평빌딩 5,6,7층 (시흥동)",110.0,27.0,28.0,0,혼잡,,,,,,,,,
금천수병원,191659.51307314,441984.502153591,"서울특별시 금천구 남부순환로 1400, 1층~9층 (독산동)",194.0,65.0,42.0,2,혼잡,,,,,,,,,
서울바른세상병원,190880.477053829,441004.490706785,"서울특별시 금천구 시흥대로 421 (독산동, 건국빌딩)",88.0,16.0,64.0,0,여유,,,,,,,,,
의료법인 춘혜의료재단 명지춘혜재활병원,190828.040487341,444275.786198925,"서울특별시 영등포구 대림로 223 (대림동, 명지춘혜병원)",254.0,95.0,83.0,2,보통,,,,,,,,,
덕수의료재단 서울브레인병원,191256.017169752,446425.984842846,서울특별시 영등포구 영신로34길 5 (영등포동4가),112.0,30.0,25.0,0,혼잡,,,,,,,,,
한강수병원,190282.785893083,446694.25657399,"서울특별시 영등포구 영등포로 83, 한강수병원 (양평동1가)",58.0,19.0,68.0,0,여유,A1100163,한강수병원,"서울특별시 영등포구 영등포로 83, 한강수병원 (양평동1가)",A1100163,한강수병원,"서울특별시 영등포구 영등포로 83, 한강수병원 (양평동1가)",A1100163,한강수병원,"서울특별시 영등포구 영등포로 83, 한강수병원 (양평동1가)"
새길병원,191506.148858786,446609.211364301,서울특별시 영등포구 영중로 59 (영등포동6가),51.0,13.0,23.0,0,보통,,,,,,,,,
서울바른병원,192857.928262332,444236.200769671,"서울특별시 영등포구 여의대방로 145, 2~7층 (신길동, 세인트빌딩)",80.0,20.0,45.0,0,여유,,,,,,,,,
어울림병원,192946.280189392,445685.944518825,"서울특별시 영등포구 영등포로 386 (신길동, 동인빌딩)",57.0,15.0,36.0,0,여유,,,,,,,,,
신세계서울병원,191619.249847095,446038.543732844,"서울특별시 영등포구 경인로 841, 서울영등포동4가우체국 2,6,7,9~11층 (영등포동4가)",82.0,24.0,63.0,0,여유,,,,,,,,,
낭만병원,198290.516043124,442261.684257124,서울특별시 동작구 동작대로 67 (사당동),41.0,9.0,23.0,0,여유,A1126226,낭만병원,서울특별시 동작구 동작대로 67 (사당동),A1126226,낭만병원,서울특별시 동작구 동작대로 67 (사당동),A1126226,낭만병원,서울특별시 동작구 동작대로 67 (사당동)
연세바른병원,198202.472533419,442471.241038085,"서울특별시 동작구 사당로 300, 2·4층일부및3  층 (사당동, 이수자이)",45.0,11.0,47.0,0,여유,,,,,,,,,
서울퍼스트병원,194719.981415722,442674.193730756,"서울특별시 관악구 은천로 51 (봉천동, 2,3,4,5,6층)",163.0,47.0,56.0,2,보통,,,,,,,,,
척편한병원,193773.070404044,442270.419248856,"서울특별시 관악구 신림로 318, 4,5층 (신림동, 청암두산위브)",90.0,20.0,19.0,0,혼잡,,,,,,,,,
조인트힐병원,192636.667380434,441286.654526964,서울특별시 관악구 난곡로 215 (신림동),41.0,13.0,18.0,0,보통,,,,,,,,,
연세건우병원,196534.587783352,441771.521576822,"서울특별시 관악구 남부순환로 1909, 의현빌딩 지하1, 2층~7층층 (봉천동)",54.0,21.0,65.0,0,여유,,,,,,,,,
심정병원,192455.883042115,442267.149217637,"서울특별시 관악구 남부순환로 1485, 삼남빌딩 2~6층 (신림동)",99.0,22.0,37.0,0,보통,,,,,,,,,
장튼위튼병원,196154.920826589,441961.873381806,서울특별시 관악구 남부순환로 1867 (봉천동),32.0,14.0,39.0,0,여유,,,,,,,,,
바른사랑병원,193643.274303943,442230.03574985,"서울특별시 관악구 신원로 35, 삼모 더 프라임 타워 3,7층 (신림동)",35.0,10.0,20.0,0,여유,,,,,,,,,
서울센트럴병원,195647.366393622,442105.342411703,"서울특별시 관악구 남부순환로 1814, 대연빌딩 3,4,8,9층 (봉천동)",70.0,23.0,37.0,0,여유,,,,,,,,,
참포도나무병원,203350.547009323,441971.940635973,서울특별시 서초구 바우뫼로35길 32 (양재동),38.0,9.0,58.0,0,여유,,,,,,,,,
365엠씨(mc)병원,201178.653260998,443421.176493515,"서울특별시 서초구 서초중앙로 126, 서울365mc병원 지하1층, 2~13층 (서초동)",46.0,13.0,24.0,0,여유,,,,,,,,,
세바른병원,201287.589628621,442640.122666786,서울특별시 서초구 서초중앙로 47 (서초동),37.0,10.0,32.0,0,여유,,,,,,,,,
올바로병원,200324.626408302,442669.649678322,"서울특별시 서초구 명달로 102, 서원빌딩 1-6층 (서초동)",68.0,21.0,8.0,0,혼잡,A1120432,올바로병원,"서울특별시 서초구 명달로 102, 서원빌딩 1-6층 (서초동)",A1120432,올바로병원,"서울특별시 서초구 명달로 102, 서원빌딩 1-6층 (서초동)",A1120432,올바로병원,"서울특별시 서초구 명달로 102, 서원빌딩 1-6층 (서초동)"
뉴민병원,199040.3746688,443425.063163148,"서울특별시 서초구 방배로 223, 창생빌딩 2~7층 (방배동)",31.0,9.0,21.0,0,여유,,,,,,,,,
자이비뇨의학과병원,201856.625065785,444502.636699224,"서울특별시 서초구 서운로 220, 대지스포츠프라자 4층 (서초동)",30.0,8.0,7.0,0,혼잡,,,,,,,,,
척바른병원,199360.582881543,442777.806241993,"서울특별시 서초구 방배로 151, 지하1층일부,2~5층 (방배동)",61.0,18.0,17.0,0,혼잡,,,,,,,,,
서울안강병원,201728.60256238,442694.699054996,"서울특별시 서초구 효령로 331, GL(지엘)빌딩 지하1~3층,2~8층 (서초동)",180.0,69.0,102.0,2,여유,,,,,,,,,
광혜병원,205649.655013836,445122.570820205,"서울특별시 강남구 영동대로86길 9 (대치동, 지하1~2층,2~7층)",79.0,26.0,24.0,0,혼잡,,,,,,,,,
튼튼병원,204855.579518894,446576.858605648,"서울특별시 강남구 영동대로 713, B1~6층, 7층일부,8층 (청담동)",120.0,24.0,47.0,0,보통,,,,,,,,,
강남제이에스병원,202913.913256452,443081.800019702,"서울특별시 강남구 도곡로 122, 제이에스빌딩 (도곡동)",46.0,19.0,12.0,0,혼잡,,,,,,,,,
강남지인병원,203030.36156512,445624.927581211,"서울특별시 강남구 언주로 631, 강남지인병원 지하2층. 2~6층 (논현동)",30.0,10.0,30.0,0,여유,,,,,,,,,
청담병원,203964.892184371,446494.018304012,"서울특별시 강남구 삼성로147길 46 (청담동, 청담병원 지하1층, 1층일부, 2층~6층)",199.0,70.0,98.0,2,보통,,,,,,,,,
담소유병원,202989.733899789,445845.968560425,"서울특별시 강남구 학동로 234, 담소유빌딩 (논현동)",30.0,17.0,38.0,0,여유,,,,,,,,,
강남초이스병원,204215.162571746,444731.386522359,"서울특별시 강남구 테헤란로 337, 4~8층 (역삼동)",31.0,8.0,15.0,0,보통,,,,,,,,,
지앤지병원,205207.402270867,446004.891602084,"서울특별시 강남구 영동대로 626, 2~10층 (삼성동, GNG병원빌딩)",30.0,30.0,23.0,0,여유,,,,,,,,,
트리니티병원,205116.195218249,445783.267094395,"서울특별시 강남구 봉은사로 535 (삼성동, 트리니티재활병원빌딩, 지하1,2층, 지상1~11층)",152.0,71.0,65.0,2,보통,,,,,,,,,
서울본브릿지병원,203682.487186252,443363.703553222,"서울특별시 강남구 도곡로 214, 롤스웰빌딩,지하2층, 지하1층, 지상1층 일부, 지상2~7층  (도곡동)",64.0,19.0,44.0,0,여유,,,,,,,,,
새로운병원,202080.711326615,445562.134435278,"서울특별시 강남구 학동로 121, 새로운병원빌딩 지하1층일부~7층 (논현동)",30.0,9.0,19.0,0,여유,,,,,,,,,
두발로병원,202530.184769156,446900.961207356,"서울특별시 강남구 압구정로30길 45, 2~4층 (신사동)",47.0,17.0,31.0,0,여유,,,,,,,,,
더드림병원,204432.710770012,444309.006550907,"서울특별시 강남구 선릉로 404, 더드림병원 (대치동)",57.0,24.0,66.0,0,여유,A1123234,더드림병원,"서울특별시 강남구 선릉로 404, 더드림병원 (대치동)",A1123234,더드림병원,"서울특별시 강남구 선릉로 404, 더드림병원 (대치동)",A1123234,더드림병원,"서울특별시 강남구 선릉로 404, 더드림병원 (대치동)"
청담해리슨병원,204457.767008807,446164.986306256,"서울특별시 강남구 삼성로 646, 마디빌딩 B3~B1,2~9층 (삼성동)",51.0,16.0,27.0,0,여유,,,,,,,,,
모두가행복한연세병원,203388.051395369,446619.586513596,"서울특별시 강남구 선릉로 751, 카로시티Ⅲ 지하1층, 지상1층~7층 (논현동)",71.0,32.0,35.0,0,보통,,,,,,,,,
하병원,201835.394674853,445560.702719066,"서울특별시 강남구 강남대로132길 5, 지하1~2층,2~5층 (논현동)",32.0,14.0,15.0,0,보통,,,,,,,,,
연세우리병원,207649.560634469,444734.861106734,"서울특별시 송파구 백제고분로 185, 2~9층 (잠실동)",42.0,13.0,19.0,0,보통,,,,,,,,,
엠에스병원,208477.775692904,444434.523206585,"서울특별시 송파구 삼학사로 53, 태영빌딩 1~7층 (삼전동)",72.0,30.0,34.0,0,보통,,,,,,,,,
더힐병원,210574.037898234,444069.184552292,"서울특별시 송파구 송이로 81, 지하2층~지상7층층 (가락동)",62.0,26.0,23.0,0,보통,,,,,,,,,
강철병원,208267.150895889,444458.879184368,"서울특별시 송파구 백제고분로 252, SH타워 2~8층 (삼전동)",49.0,17.0,3.0,0,혼잡,A1125429,강철병원,"서울특별시 송파구 백제고분로 252, SH타워 2~8층 (삼전동)",A1125429,강철병원,"서울특별시 송파구 백제고분로 252, SH타워 2~8층 (삼전동)",A1125429,강철병원,"서울특별시 송파구 백제고분로 252, SH타워 2~8층 (삼전동)"
서울세계로병원,212511.655622483,442722.371081852,"서울특별시 송파구 위례서로 248, 지하1층, 2층, 5~12층 (거여동)",152.0,47.0,42.0,0,혼잡,,,,,,,,,
염창환병원,211005.302324733,444601.789927777,"서울특별시 송파구 오금로 296, 재정빌딩 지하1층~지상5층 (가락동)",32.0,14.0,24.0,0,여유,,,,,,,,,
빠른병원,209627.926977957,445033.492693013,"서울특별시 송파구 백제고분로 405, 유니온테크송파빌딩 (송파동)",119.0,22.0,17.0,0,혼잡,,,,,,,,,
서울석병원,210893.646668129,443517.490003737,서울특별시 송파구 송이로 148 (가락동),45.0,11.0,29.0,0,여유,,,,,,,,,
혜민안과병원,210714.053849509,443519.750532142,서울특별시 송파구 중대로 122 (가락동),32.0,11.0,17.0,0,여유,,,,,,,,,
서재곤링커병원,209831.135259298,445251.270608881,"서울특별시 송파구 백제고분로 436 (송파동, 서재곤링커병원)",66.0,22.0,38.0,0,여유,,,,,,,,,
송파드림재활병원,210736.904409143,443841.338101311,"서울특별시 송파구 송이로 111, B3-6층 (가락동, 청석빌딩)",207.0,57.0,95.0,2,보통,,,,,,,,,
선수촌병원,206916.75835,445485.4447736,"서울특별시 송파구 올림픽로 76, J타워 3~7층 (잠실동)",53.0,13.0,43.0,0,여유,,,,,,,,,
미래본병원,208730.633457015,445905.025545443,"서울특별시 송파구 송파대로 562, 2,3,8층 (신천동, 한빛프라자,삼성웰리스아파트)",44.0,14.0,35.0,0,여유,,,,,,,,,
달려라병원,211841.016730248,448062.046598197,"서울특별시 강동구 천호대로 1110, 지하5~지상9층 (성내동)",106.0,28.0,81.0,0,여유,,,,,,,,,
더셀채원병원,211159.42900767,447276.508702471,"서울특별시 강동구 성내로 66, 채원자연통합병원빌딩 (성내동)",34.0,12.0,6.0,0,혼잡,,,,,,,,,
리더스병원,211228.973206544,448307.486109902,서울특별시 강동구 천호대로 1044 (성내동),56.0,13.0,14.0,0,혼잡,,,,,,,,,
남기세병원,212084.038472021,448058.444155867,서울특별시 강동구 천호대로 1133 (길동),50.0,10.0,45.0,0,여유,,,,,,,,,
올바른서울병원,212416.582100894,448882.414137392,"서울특별시 강동구 양재대로 1525, 명품빌딩 (천호동)",91.0,30.0,43.0,0,보통,,,,,,,,,
고은빛여성병원,212244.532512145,447998.326845938,서울특별시 강동구 천호대로 1151 (길동),52.0,33.0,37.0,0,여유,,,,,,,,,
위드힘병원,212221.342539571,448245.019790445,"서울특별시 강동구 양재대로 1461, SC MEDI TOWER 2,4,5층 (길동)",65.0,30.0,17.0,0,혼잡,,,,,,,,,
123스텝업병원,210848.817337376,448349.321294041,"서울특별시 강동구 올림픽로 628-3, 지하1, 지상2~9층 (성내동)",44.0,13.0,22.0,0,보통,,,,,,,,,
공안과병원,211070.71833639,447964.735654156,서울특별시 강동구 풍성로37길 45 (성내동),30.0,14.0,41.0,0,여유,,,,,,,,,
강동연세병원,211120.614279331,449398.629637331,서울특별시 강동구 올림픽로 734 (천호동),32.0,14.0,23.0,0,여유,,,,,,,,,
사랑플러스병원,212618.653947687,449389.320472752,서울특별시 강동구 양재대로 1580 (명일동),95.0,28.0,82.0,0,여유,,,,,,,,,
의료법인송산의료재단 해양병원,385473.117196105,179880.976912079,부산광역시 중구 광복로97번길 26-2(동광동2가),146.0,55.0,17.0,2,혼잡,,,,,,,,,
건강만세365병원,385141.176049369,180133.177198164,"부산광역시 중구 대청로 105, 건강만세365병원 -1,1~9층 (대청동2가)",149.0,48.0,64.0,2,보통,,,,,,,,,
바른병원,384570.731778786,179494.152011176,"부산광역시 서구 보수대로 9, 4~12층 (충무동1가)",139.0,39.0,86.0,0,여유,,,,,,,,,
엘앤더슨병원,383774.06031573,182112.706791722,부산광역시 서구 대신공원로 39 (서대신동3가),60.0,21.0,11.0,0,혼잡,,,,,,,,,
동아대학교대신병원,383872.895112349,181980.508303146,"부산광역시 서구 대신공원로 26, 동아대학교병원 (동대신동3가)",248.0,82.0,112.0,2,보통,,,,,,,,,
척시원병원,385846.371350951,181097.551650065,"부산광역시 동구 대영로 261 (초량동, 은성빌딩)",88.0,22.0,46.0,0,여유,,,,,,,,,
힘내라병원,387580.623837993,184009.835857368,"부산광역시 동구 범일로 85 (범일동, 삼미85 빌딩)",94.0,31.0,60.0,0,여유,,,,,,,,,
아이(i)서울병원,386124.612542027,178429.439151817,"부산광역시 영도구 영선대로 75, 삼호빌딩 (영선동2가)",47.0,28.0,12.0,0,혼잡,,,,,,,,,
365엠씨병원,387469.584540928,186168.671007785,"부산광역시 부산진구 서면로 74 (부전동, 아이온시티빌딩)",30.0,9.0,11.0,0,보통,,,,,,,,,
밝은눈안과병원,386849.181160778,186232.190998157,부산광역시 부산진구 가야대로 729 (부암동),30.0,11.0,13.0,0,보통,,,,,,,,,
파란시티병원,387630.891412675,184998.952572133,"부산광역시 부산진구 범일로 186, 지하1,지상5~12층 (범천동)",93.0,35.0,27.0,0,혼잡,,,,,,,,,
청맥병원,387586.455743054,186111.698554285,"부산광역시 부산진구 중앙대로 716-1, 지하1~지상6층 (부전동)",33.0,13.0,19.0,0,여유,,,,,,,,,
부산큰병원,384580.891960005,185628.765152285,"부산광역시 부산진구 가야대로 494, 지하1층~지상1층 각 일부, 지상2층~4층 전부 (개금동)",93.0,30.0,55.0,0,여유,,,,,,,,,
에덴어린이병원,386052.548108182,186022.903587568,"부산광역시 부산진구 가야대로 649, 6~15층 (가야동)",99.0,65.0,27.0,0,혼잡,,,,,,,,,
바로서면병원,387795.767511559,186686.460990556,"부산광역시 부산진구 중앙대로 777, 4, 5, 6, 7층 (부전동)",88.0,30.0,31.0,0,보통,,,,,,,,,
큰힘병원,386810.051216696,186879.357527916,"부산광역시 부산진구 신천대로 246, 2층 (부암동, 메리움아파트)",71.0,21.0,38.0,0,여유,,,,,,,,,
의료법인 온그룹의료재단 온병원,386727.117817513,186201.825222639,"부산광역시 부산진구 가야대로 719, ,767,721,본관 지하3~11층 전부,12층 일부,13~14층 전부,15층 일부,신관 1층, 9층 일부 (당감동)",700.0,235.0,433.0,1,여유,A1200020,의료법인 온그룹의료재단 온병원,"부산광역시 부산진구 가야대로 719, ,767,721,본관 지하3~11층 전부,12층 일부,13~14층 전부,15층 일부,신관 1층, 9층 일부 (당감동)",A1200020,의료법인 온그룹의료재단 온병원,"부산광역시 부산진구 가야대로 719, ,767,721,본관 지하3~11층 전부,12층 일부,13~14층 전부,15층 일부,신관 1층, 9층 일부 (당감동)",A1200020,의료법인 온그룹의료재단 온병원,"부산광역시 부산진구 가야대로 719, ,767,721,본관 지하3~11층 전부,12층 일부,13~14층 전부,15층 일부,신관 1층, 9층 일부 (당감동)"
목화병원,388434.07254228,187818.578494118,"부산광역시 부산진구 거제대로36번길 27, 1층(일부), 2~6층, 7층(일부) (양정동)",104.0,27.0,26.0,0,혼잡,,,,,,,,,
정근안과병원,387221.898255712,186253.840304505,"부산광역시 부산진구 가야대로 767, 서면메디칼센터 1~4층 (부전동)",30.0,14.0,11.0,0,보통,,,,,,,,,
미래여성병원,384209.576871945,185708.321755575,"부산광역시 부산진구 가야대로 459, 지하2~지상10층 (개금동)",86.0,45.0,37.0,0,보통,,,,,,,,,
연세척병원,386701.334569664,186193.626091165,"부산광역시 부산진구 가야대로 715, 1층 일부, 2~4층 전부 (당감동)",30.0,6.0,29.0,0,여유,,,,,,,,,
이샘병원,387768.362894747,185095.189001815,"부산광역시 부산진구 황령대로 12, 지하1층(일부), 1층(일부), 2~4층, 5층(일부), 6~8층, 9층(일부), 10층(일부) (범천동)",51.0,21.0,97.0,0,여유,,,,,,,,,
새봄병원,389032.435200299,191467.148178726,"부산광역시 동래구 충렬대로 152, 3층일부,7~10층 (온천동)",115.0,31.0,53.0,0,보통,,,,,,,,,
거인병원,388031.872401421,190345.105964981,"부산광역시 동래구 여고로 12, 거인병원 지하1,지상2~10층 (사직동)",103.0,30.0,78.0,0,여유,,,,,,,,,
의료법인 은빛의료재단 세하병원,390020.305215045,191042.985986252,"부산광역시 동래구 충렬대로 258, 4-5층,12-13층 (낙민동)",129.0,55.0,15.0,0,혼잡,,,,,,,,,
빌리브세웅병원,391940.318639746,190552.117896749,부산광역시 동래구 충렬대로 455 (안락동),238.0,66.0,140.0,2,여유,A1206845,빌리브세웅병원,부산광역시 동래구 충렬대로 455 (안락동),A1206845,빌리브세웅병원,부산광역시 동래구 충렬대로 455 (안락동),A1206845,빌리브세웅병원,부산광역시 동래구 충렬대로 455 (안락동)
워크재활병원,391190.397699535,190734.698466138,부산광역시 동래구 충렬대로 379 (안락동),246.0,64.0,119.0,2,보통,,,,,,,,,
의료법인 상원의료재단 부산힘찬병원,390006.797186421,191136.925894506,부산광역시 동래구 충렬대로 255 (수안동),165.0,35.0,99.0,0,여유,,,,,,,,,
동래성모병원,389368.236349955,191315.649199709,부산광역시 동래구 충렬대로 188 (명륜동),87.0,29.0,35.0,0,보통,,,,,,,,,
동래아동병원,391203.796681477,190663.579038293,부산광역시 동래구 충렬대로 384 (안락동),62.0,34.0,14.0,0,혼잡,,,,,,,,,
사직부산아동병원,388011.114750216,191025.514252282,부산광역시 동래구 아시아드대로 186 (사직동),55.0,30.0,14.0,0,혼잡,,,,,,,,,
좋은날에 드라마여성병원,391874.380597892,190580.14785432,"부산광역시 동래구 충렬대로 449 (안락동, 좋은날에드라마여성병원)",32.0,22.0,35.0,0,여유,,,,,,,,,
나르샤병원,389732.168075367,193079.175547779,부산광역시 동래구 중앙대로1493번길 6 (온천동),64.0,22.0,50.0,0,여유,,,,,,,,,
새힘병원,388313.882320342,191710.804146815,"부산광역시 동래구 아시아드대로 261, 지하1~지상6층 (온천동)",57.0,19.0,9.0,0,혼잡,,,,,,,,,
부산미남병원,388087.222860839,191298.105850637,"부산광역시 동래구 아시아드대로 213, 류엔미즈메디컬 (온천동)",82.0,22.0,58.0,0,여유,,,,,,,,,
부산아동병원,390553.537358461,183747.425049078,"부산광역시 남구 수영로 228, 3-7층 (대연동)",51.0,30.0,16.0,0,혼잡,,,,,,,,,
부산성소병원,390038.185030827,183771.162372053,"부산광역시 남구 수영로 175 (대연동, SMG빌딩)",203.0,57.0,31.0,2,혼잡,,,,,,,,,
위대항병원,390687.961178425,183809.484254224,부산광역시 남구 수영로 241 (대연동),30.0,12.0,11.0,0,보통,,,,,,,,,
시원항병원,382419.813356587,192183.708476508,"부산광역시 북구 금곡대로 27, 더청명빌딩 5~10층 (덕천동)",63.0,25.0,20.0,0,보통,,,,,,,,,
재단법인 일신기독교선교회 맥켄지일신재활병원,382732.895687215,193145.268616987,부산광역시 북구 금곡대로 133 (덕천동),172.0,33.0,84.0,0,보통,,,,,,,,,
의료법인 신생의료재단 센트럴병원,382880.078960501,192079.569817843,부산광역시 북구 만덕대로 37 (덕천동),210.0,60.0,147.0,2,여유,,,,,,,,,
의료법인 인당의료재단 해운대부민병원,396344.255437506,186820.749275428,"부산광역시 해운대구 해운대로 584, 해운대 부민병원 지하4~지상13층 (우동)",384.0,127.0,435.0,2,여유,A1205143,의료법인 인당의료재단 해운대부민병원,"부산광역시 해운대구 해운대로 584, 해운대 부민병원 지하4~지상13층 (우동)",A1205143,의료법인 인당의료재단 해운대부민병원,"부산광역시 해운대구 해운대로 584, 해운대 부민병원 지하4~지상13층 (우동)",A1205143,의료법인 인당의료재단 해운대부민병원,"부산광역시 해운대구 해운대로 584, 해운대 부민병원 지하4~지상13층 (우동)"
의료법인 해올의료재단 힐마루병원,399026.88960257,187172.761860652,"부산광역시 해운대구 달맞이길117번나길 174, 힐마루병원 (중동)",150.0,47.0,26.0,0,혼잡,,,,,,,,,
해운대푸른바다병원,397476.861960507,187317.663264698,"부산광역시 해운대구 좌동순환로 505, 센트럴메디타워(3층일부,8층일부,9층일부,11층일부,12~14층) (중동)",72.0,46.0,36.0,0,보통,,,,,,,,,
퀸즈파크여성병원,398155.660814985,187681.573589165,"부산광역시 해운대구 해운대로 794, 10~11층 (좌동)",32.0,18.0,17.0,0,여유,,,,,,,,,
한마음병원,397540.467298187,186751.661439715,"부산광역시 해운대구 달맞이길 30, 포디움동 2층 (중동, 엘시티)",59.0,36.0,19.0,0,보통,,,,,,,,,
센텀속편한병원,393828.107409721,190277.940988107,부산광역시 해운대구 재반로 169 (재송동),37.0,12.0,21.0,0,여유,,,,,,,,,
인제대학교 해운대백병원,398749.005508548,188211.683012763,부산광역시 해운대구 해운대로 875 (좌동),866.0,239.0,1619.0,1,여유,A1200022,인제대학교 해운대백병원,부산광역시 해운대구 해운대로 875 (좌동),A1200022,인제대학교 해운대백병원,부산광역시 해운대구 해운대로 875 (좌동),A1200022,인제대학교 해운대백병원,부산광역시 해운대구 해운대로 875 (좌동)
해운대나눔과행복병원,397547.447576446,187358.73551491,"부산광역시 해운대구 좌동순환로 502, 이룸제이타워 3~9층 (중동)",226.0,53.0,133.0,2,여유,,,,,,,,,
김&정해운대병원,398074.127570382,188030.043369638,"부산광역시 해운대구 좌동로 88, 8층 (좌동, 울트라타워)",30.0,9.0,6.0,0,혼잡,,,,,,,,,
엘리움병원,398155.660814985,187681.573589165,"부산광역시 해운대구 해운대로 794, 7~8층 (좌동, 삼정엘리움)",48.0,26.0,14.0,0,혼잡,,,,,,,,,
의료법인 한세의료재단 한세병원,398461.813174819,187579.129294703,"부산광역시 해운대구 세실로 31, 대승프라임 6층 (좌동)",33.0,15.0,4.0,0,혼잡,,,,,,,,,
센텀아동병원,394974.292766227,187505.194990201,"부산광역시 해운대구 해운대로 407, 6층 (우동, 신세계프라자)",44.0,23.0,11.0,0,혼잡,,,,,,,,,
굳건병원,379560.984344142,180230.680636153,"부산광역시 사하구 낙동대로 446, 지하2층 일부, 1층 일부, 2~4층 전부, 6층 일부 (당리동)",68.0,21.0,49.0,0,여유,,,,,,,,,
소나무병원,383154.474352375,180366.93172735,"부산광역시 사하구 까치고개로 79-2, 지하1~2층 전부, 1층 일부, 2~4층 전부 (괴정동)",120.0,57.0,40.0,0,보통,,,,,,,,,
의료법인성신의료재단 다대수병원,379731.953370869,174765.307900471,부산광역시 사하구 다대로 565 (다대동),159.0,50.0,47.0,2,혼잡,,,,,,,,,
항스퀘어 병원,380298.868619802,177439.845396617,부산광역시 사하구 다대로 251 (장림동),30.0,15.0,2.0,0,혼잡,,,,,,,,,
파크병원,383154.474352375,180366.93172735,부산광역시 사하구 까치고개로 79-1 (괴정동),148.0,45.0,27.0,0,혼잡,,,,,,,,,
서호하단병원,379560.984344142,180230.680636153,"부산광역시 사하구 낙동대로 446, 7~15층 (당리동)",180.0,60.0,76.0,2,보통,,,,,,,,,
더탄탄병원,381700.901583542,179527.764746144,"부산광역시 사하구 사하로 189, 1층(일부),2~4층 (괴정동, 괴정어반푸르지오)",63.0,20.0,49.0,0,여유,,,,,,,,,
부산더키즈병원,380229.205614374,177632.890631659,"부산광역시 사하구 다대로 234, 5,6,7,8,9층 (장림동)",65.0,41.0,12.0,0,혼잡,,,,,,,,,
부산맘아동병원,379453.799223213,180213.16712886,"부산광역시 사하구 낙동대로 451, 금동빌딩 2,4,5-8층 (하단동)",63.0,39.0,10.0,0,혼잡,,,,,,,,,
순병원,390310.134656521,195024.868657244,부산광역시 금정구 중앙대로 1701 (부곡동),60.0,37.0,27.0,0,보통,,,,,,,,,
부산마이크로병원,390237.707109206,196713.703347617,부산광역시 금정구 중앙대로 1875 (구서동),132.0,43.0,28.0,0,혼잡,,,,,,,,,
단골병원,390336.280355492,196268.610931928,"부산광역시 금정구 중앙대로 1829, 5~10, 14층 12~13층 일부호 (구서동)",95.0,32.0,17.0,0,혼잡,,,,,,,,,
화창한병원,390278.854027773,194898.096714459,"부산광역시 금정구 중앙대로1685번길 12, 지하2~6층 (부곡동)",99.0,39.0,28.0,0,혼잡,,,,,,,,,
더케이부산병원,390364.863576071,195986.908984448,"부산광역시 금정구 금정로 244, 2~5층 (구서동)",47.0,26.0,10.0,0,혼잡,,,,,,,,,
지온병원,389819.155202928,193577.094365931,"부산광역시 금정구 온천장로 146, 지하1,지상3~11층 (장전동)",99.0,41.0,17.0,0,혼잡,,,,,,,,,
더희망찬병원,390416.939681302,194024.210737454,부산광역시 금정구 부곡로 130 (부곡동),140.0,39.0,12.0,0,혼잡,,,,,,,,,
명지아동병원,374899.716836179,179322.521008675,"부산광역시 강서구 명지국제8로 240, 402,501,601호 (명지동, 국제메디칼빌딩)",64.0,32.0,12.0,0,혼잡,,,,,,,,,
웰하이여성아동병원,373573.996361035,177367.942173947,"부산광역시 강서구 명지오션시티4로 95, 2~8, 10층 일부호 (명지동)",42.0,33.0,14.0,0,보통,,,,,,,,,
개나리소아청소년과병원,375222.986528955,179364.528862086,"부산광역시 강서구 명지국제8로 269, 유당빌딩 4~5층 (명지동)",30.0,17.0,2.0,0,혼잡,,,,,,,,,
명지오션척병원,373512.357680157,177446.757768911,"부산광역시 강서구 명지오션시티4로 88, 3~6,7층일부,9층 (명지동)",49.0,21.0,22.0,0,보통,,,,,,,,,
행복한어린이병원,373499.368775529,178572.479628946,"부산광역시 강서구 명지국제1로 25, 우진메디컬프라 8~10층 (명지동)",80.0,50.0,17.0,0,혼잡,,,,,,,,,
새항운병원,389358.218709125,189058.506044335,부산광역시 연제구 중앙대로 1064 (연산동),80.0,30.0,17.0,0,혼잡,,,,,,,,,
의료법인나라의료재단 드림나라병원,389324.415778065,190108.656451565,부산광역시 연제구 중앙대로 1175 (거제동),93.0,49.0,15.0,0,혼잡,,,,,,,,,
위대한탄생여성병원,389406.610544539,189275.184330869,"부산광역시 연제구 중앙대로 1083 (연산동, 3~7층, 12층)",45.0,24.0,22.0,0,보통,,,,,,,,,
의료법인명은의료재단 명은병원,389079.862124133,189632.922153441,"부산광역시 연제구 월드컵대로 184, 명은 병원 (거제동)",66.0,13.0,16.0,0,혼잡,,,,,,,,,
한양류마디병원,390995.593384019,189691.934996533,부산광역시 연제구 과정로 272 (연산동),200.0,48.0,63.0,2,보통,,,,,,,,,
리스본병원,389488.706833663,189270.776461837,"부산광역시 연제구 중앙대로 1090, 프라임시티 9~11, 13층 일부호 (연산동)",55.0,11.0,17.0,0,혼잡,,,,,,,,,
주성산 이진용맘병원,389200.806587619,190119.772747657,"부산광역시 연제구 거제대로 295, 8~11층 (거제동)",40.0,14.0,13.0,0,보통,,,,,,,,,
한빛병원,391888.508759155,189214.013109373,"부산광역시 연제구 과정로 140, 부산은행 4층~10층 (연산동)",99.0,39.0,47.0,0,보통,,,,,,,,,
베테랑병원,389529.517654144,189324.730324163,"부산광역시 연제구 중앙대로 1098, 7~11층 (연산동)",57.0,18.0,29.0,0,보통,,,,,,,,,
세움병원,389762.986134543,189486.317748469,부산광역시 연제구 고분로13번길 15 (연산동),144.0,36.0,63.0,0,보통,,,,,,,,,
상쾌한병원,392481.324708482,187491.54754233,부산광역시 수영구 연수로 406(광안동),37.0,13.0,12.0,0,보통,,,,,,,,,
박원욱병원,392531.670195307,186197.061795234,"부산광역시 수영구 광안로 4, 지하1층,지상5~8층 (광안동, 에스케이뷰상가)",100.0,27.0,34.0,0,보통,,,,,,,,,
수영어린이병원,392578.64517389,187222.219535354,"부산광역시 수영구 수영로 671, 2층~3층 (광안동)",38.0,20.0,10.0,0,혼잡,,,,,,,,,
의료법인 영재의료재단 큰솔2병원,381032.911095974,184525.81747813,부산광역시 사상구 학장로 189 (학장동),193.0,51.0,79.0,2,보통,,,,,,,,,
사상스마트병원,381305.912068646,185803.908101407,"부산광역시 사상구 학감대로 269, 지하2~지상10층 (감전동)",261.0,70.0,110.0,2,보통,,,,,,,,,
동남권원자력의학원원자력병원,403981.233496395,204720.419045565,부산광역시 기장군 장안읍 좌동길 40,261.0,85.0,403.0,2,여유,A1200015,동남권원자력의학원원자력병원,부산광역시 기장군 장안읍 좌동길 40,A1200015,동남권원자력의학원원자력병원,부산광역시 기장군 장안읍 좌동길 40,A1200015,동남권원자력의학원원자력병원,부산광역시 기장군 장안읍 좌동길 40
정관우리아동병원,398134.856761738,204657.775228914,"부산광역시 기장군 정관읍 정관중앙로 56, 프라임빌딩",45.0,20.0,16.0,0,보통,,,,,,,,,
(재)일신기독교선교회 정관일신기독병원,397942.700663843,204428.576197141,"부산광역시 기장군 정관읍 정관6로 31, 3-8, 10층",139.0,66.0,89.0,2,여유,,,,,,,,,
일광아동병원,402463.874023116,198527.513713401,"부산광역시 기장군 일광읍 해빛6로 85-16, 일광청보리더스 6~9층",40.0,23.0,15.0,0,보통,,,,,,,,,
누네안과병원,344602.34173515,263792.103323996,"대구광역시 중구 달구벌대로 2179, 눈빌딩 1층~8층 (삼덕동2가)",150.0,46.0,52.0,0,보통,,,,,,,,,
계명대학교대구동산병원,342935.432333719,264310.97571078,"대구광역시 중구 달성로 56, 계명대학교대구동산병원 (동산동)",306.0,116.0,258.0,2,여유,A1303386,계명대학교대구동산병원,"대구광역시 중구 달성로 56, 계명대학교대구동산병원 (동산동)",A1303386,계명대학교대구동산병원,"대구광역시 중구 달성로 56, 계명대학교대구동산병원 (동산동)",A1303386,계명대학교대구동산병원,"대구광역시 중구 달성로 56, 계명대학교대구동산병원 (동산동)"
광개토병원,343881.177240636,264052.881703325,"대구광역시 중구 중앙대로 366, 지하1,2,3,5,7,11,12,14,17층 (덕산동)",65.0,20.0,36.0,0,여유,,,,,,,,,
대구삼육오엠씨병원,343978.239110686,263908.094895376,"대구광역시 중구 명륜로23길 106, 반월당 클래시아2차 2,3층 (봉산동)",30.0,14.0,7.0,0,혼잡,,,,,,,,,
라파엘병원,343708.664139556,263417.227532825,대구광역시 중구 중앙대로 303 (남산동),45.0,16.0,23.0,0,여유,,,,,,,,,
푸른병원,343438.894560389,265123.795750983,대구광역시 중구 태평로 102 (태평로3가),152.0,51.0,135.0,2,여유,,,,,,,,,
으뜸병원,343471.485443124,264475.81583324,대구광역시 중구 국채보상로 536 (수동),81.0,22.0,63.0,0,여유,,,,,,,,,
척탑병원,342875.253155352,263957.611698755,대구광역시 중구 달구벌대로 1999 (동산동),104.0,29.0,96.0,0,여유,,,,,,,,,
든든한병원,345540.500181823,265666.858678634,"대구광역시 동구 신암로 120, 1층일부,2~7층 (신암동)",70.0,16.0,36.0,0,여유,,,,,,,,,
웰키즈아동병원,355865.611497639,264626.115037599,"대구광역시 동구 안심로 389, 3,4,5,6층 (신서동)",46.0,30.0,11.0,0,혼잡,,,,,,,,,
대구스마일병원,340511.431979053,264476.226538884,"대구광역시 서구 국채보상로 232, 9~15층 (평리동)",196.0,53.0,66.0,2,보통,,,,,,,,,
더필병원,340375.784448483,265015.921290629,대구광역시 서구 서대구로 194 (평리동),114.0,30.0,98.0,0,여유,A1303923,더필병원,대구광역시 서구 서대구로 194 (평리동),A1303923,더필병원,대구광역시 서구 서대구로 194 (평리동),A1303923,더필병원,대구광역시 서구 서대구로 194 (평리동)
참튼튼병원,341061.193457726,263322.685867634,"대구광역시 서구 달구벌대로 1807, 지하1,1층일부~7층 (내당동)",99.0,22.0,47.0,0,보통,,,,,,,,,
대구예스병원,342535.755162739,261033.424898726,"대구광역시 남구 대명로 186, 지하1, 지상2~7층 (대명동)",160.0,53.0,62.0,2,보통,A1304119,대구예스병원,"대구광역시 남구 대명로 186, 지하1, 지상2~7층 (대명동)",A1304119,대구예스병원,"대구광역시 남구 대명로 186, 지하1, 지상2~7층 (대명동)",A1304119,대구예스병원,"대구광역시 남구 대명로 186, 지하1, 지상2~7층 (대명동)"
통합의료진흥원 전인병원,341756.341686665,261523.938933693,대구광역시 남구 두류공원로 77 (대명동),200.0,61.0,56.0,2,혼잡,,,,,,,,,
관문병원,340581.448743009,260649.068162733,"대구광역시 남구 월배로 480, 2,3,8,9,10,11층 (대명동)",109.0,35.0,66.0,0,여유,,,,,,,,,
한영한마음아동병원,340519.881278584,260505.621695551,대구광역시 남구 월배로 468 (대명동),69.0,43.0,41.0,0,여유,,,,,,,,,
대구보건대학교병원,340481.226317685,272505.366926318,대구광역시 북구 팔거천동로 209 (동천동),247.0,56.0,96.0,2,보통,,,,,,,,,
칠곡경북대학교병원,341060.291840173,274001.578647157,"대구광역시 북구 호국로 807, 칠곡경북대학교병원(임상실습동 1~11층 포함) (학정동)",945.0,275.0,1407.0,1,여유,A1300010,칠곡경북대학교병원,"대구광역시 북구 호국로 807, 칠곡경북대학교병원(임상실습동 1~11층 포함) (학정동)",A1300010,칠곡경북대학교병원,"대구광역시 북구 호국로 807, 칠곡경북대학교병원(임상실습동 1~11층 포함) (학정동)",A1300010,칠곡경북대학교병원,"대구광역시 북구 호국로 807, 칠곡경북대학교병원(임상실습동 1~11층 포함) (학정동)"
뉴라이프병원,345895.93045832,267642.920615218,대구광역시 북구 공항로 15 (복현동),201.0,40.0,78.0,2,보통,,,,,,,,,
근로복지공단 대구병원,341044.442038716,273400.631796057,대구광역시 북구 학정로 515 (학정동),200.0,65.0,103.0,2,여유,,,,,,,,,
해피아이병원,340486.076376065,272531.810873684,"대구광역시 북구 팔거천동로 213, 3층~6층 (동천동)",60.0,34.0,24.0,0,보통,,,,,,,,,
침산제이병원,343159.654422314,266550.305167496,"대구광역시 북구 침산남로 94, 다빈치 타워 1,3,4,6~8층 (침산동)",161.0,32.0,5.0,0,혼잡,,,,,,,,,
의료법인 효민의료재단 큰사랑병원,344843.464427522,266105.354859842,"대구광역시 북구 대현로 46, 지하1층일부,1일부,5층,6층일부,7~8층 (대현동)",78.0,22.0,17.0,0,혼잡,,,,,,,,,
의료법인 대구의료재단 케이병원,339527.443255698,270821.944410036,대구광역시 북구 칠곡중앙대로 357(태전동),241.0,69.0,17.0,2,혼잡,,,,,,,,,
미래병원,345039.482124278,265324.027519155,"대구광역시 북구 신암로 55, 1층일부,2~3층,5~10층 (대현동)",192.0,52.0,13.0,2,혼잡,,,,,,,,,
우리아이아동병원,345984.671121678,267300.804613056,"대구광역시 북구 동북로 244, 7층,8층 (복현동)",36.0,23.0,14.0,0,보통,,,,,,,,,
경대돌담병원,340786.864417384,274332.023954739,"대구광역시 북구 호국로 861, 본관동 지상1~5층 (동호동)",140.0,49.0,28.0,0,혼잡,,,,,,,,,
경대자연병원,345866.119052861,272562.955096575,"대구광역시 북구 동화천로 241, 4~7층 (연경동)",99.0,38.0,24.0,0,혼잡,,,,,,,,,
굳센병원,346357.475654139,264234.751452245,대구광역시 수성구 국채보상로 830 (범어동),61.0,20.0,46.0,0,여유,,,,,,,,,
수성아동병원,345942.087782905,262756.685449216,"대구광역시 수성구 명덕로 424, 진명빌딩 (수성동2가)",45.0,25.0,22.0,0,보통,,,,,,,,,
올곧은병원,347529.806226566,264713.374826463,대구광역시 수성구 화랑로 66 (만촌동),43.0,10.0,25.0,0,여유,,,,,,,,,
대구제이케이(JK)병원,345857.221202617,262762.602556395,"대구광역시 수성구 명덕로 414, 9~12층 (수성동2가)",60.0,32.0,26.0,0,보통,,,,,,,,,
행복한에이치(H)병원,349151.113530715,262980.298224469,"대구광역시 수성구 달구벌대로 2656, 1~5,7~11,13~14층 (만촌동)",41.0,23.0,21.0,0,여유,,,,,,,,,
수성한미병원,346203.908398505,263337.877098905,"대구광역시 수성구 달구벌대로 2348, 수협 G 타워 4~6층, 11층 (수성동3가)",62.0,12.0,26.0,0,보통,,,,,,,,,
여성아이병원,338178.866316469,258401.901563391,대구광역시 달서구 월배로 141 (진천동),43.0,24.0,85.0,0,여유,,,,,,,,,
더열린병원,338916.524439172,262312.612340037,"대구광역시 달서구 달구벌대로 1571, 더열린병원 (죽전동)",128.0,38.0,93.0,0,여유,,,,,,,,,
백두병원,337101.938470308,257871.687865583,대구광역시 달서구 월배로 18 (진천동),62.0,19.0,37.0,0,여유,,,,,,,,,
더나은병원,338998.817608681,262241.722998674,대구광역시 달서구 달구벌대로 1576 (감삼동),284.0,78.0,112.0,2,보통,,,,,,,,,
나사렛종합병원,337788.166245049,258224.286111263,"대구광역시 달서구 월배로 97, 나사렛병원 (진천동)",269.0,85.0,290.0,2,여유,A1300038,나사렛종합병원,"대구광역시 달서구 월배로 97, 나사렛병원 (진천동)",A1300038,나사렛종합병원,"대구광역시 달서구 월배로 97, 나사렛병원 (진천동)",A1300038,나사렛종합병원,"대구광역시 달서구 월배로 97, 나사렛병원 (진천동)"
의료법인해성의료재단해성아리즈웰병원,335681.886405936,262679.912743511,대구광역시 달서구 계대동문로 96 (이곡동),263.0,72.0,92.0,2,보통,,,,,,,,,
한솔병원,332457.450310827,262873.847481411,대구광역시 달성군 다사읍 달구벌대로 895,99.0,28.0,33.0,0,보통,,,,,,,,,
행복한 병원,332873.58844066,244686.529495474,"대구광역시 달성군 유가읍 테크노순환로12길 4, 1층,4~6층(1층 사우나홀,113~117호,119~120호,405~407호,5층,601~607호",59.0,41.0,37.0,0,여유,,,,,,,,,
더퍼스트병원,334408.740194315,256363.918698473,"대구광역시 달성군 화원읍 비슬로 2463, 103호,104호,201호,301호,5층",60.0,17.0,36.0,0,여유,,,,,,,,,
우리허브병원,331393.936783614,244500.705818183,"대구광역시 달성군 현풍읍 테크노상업로 30, 3층~7층 일부, 8층, 9층 & 테크노상업로 26, 6~7층",152.0,52.0,49.0,2,보통,,,,,,,,,
퍼스트병원,167824.245816617,440863.351688107,"인천광역시 중구 서해대로 492, 퍼스트병원 (유동)",249.0,70.0,80.0,2,보통,,,,,,,,,
가천대부속 동인천길병원,167322.153233407,441347.049558338,"인천광역시 중구 큰우물로 21 (용동, 지하1층, 1층, 3~5층, 8층)",60.0,15.0,9.0,0,혼잡,,,,,,,,,
성모원탑병원,172852.286700676,439733.59893293,인천광역시 미추홀구 경인로 488 (주안동),37.0,10.0,21.0,0,여유,,,,,,,,,
나누리병원,172560.120355908,438813.793360563,"인천광역시 미추홀구 인주대로 485 (주안동, 지2층 일부, 1~10층)",109.0,28.0,79.0,0,여유,,,,,,,,,
새건병원,172315.981380844,439543.397351451,"인천광역시 미추홀구 경인로 430, 지1,2~9층 (주안동)",53.0,18.0,33.0,0,여유,,,,,,,,,
한국보훈복지의료공단 인천보훈병원,169232.24130315,439306.181110157,"인천광역시 미추홀구 인주대로 138, 인천보훈병원 지(1,2),1~7층 (용현동)",136.0,37.0,140.0,0,여유,,,,,,,,,
방그레병원,172418.983693663,438750.966464516,"인천광역시 미추홀구 인주대로 472, 한맥메디빌딩 지하1~10층 (주안동)",93.0,28.0,35.0,0,보통,,,,,,,,,
곧바로병원,172283.891205953,438750.099653227,"인천광역시 미추홀구 인주대로 458, 승현빌딩 지1,2~11층 (주안동)",95.0,29.0,70.0,0,여유,,,,,,,,,
저스트병원,168262.30072729,440012.749762569,"인천광역시 미추홀구 석정로 21, 4~7층 (숭의동)",80.0,23.0,52.0,0,여유,,,,,,,,,
서울이왕병원,171677.632217808,439803.634728024,"인천광역시 미추홀구 미추홀대로 702, 효광빌딩 2,3,4,7,8층 (주안동)",70.0,20.0,53.0,0,여유,,,,,,,,,
주안퍼스트병원,172514.469020042,438845.856061564,"인천광역시 미추홀구 경원대로 768, 삼보빌딩 2~5층 (주안동)",88.0,34.0,20.0,0,혼잡,,,,,,,,,
고은여성병원,168710.423414293,439826.602521271,인천광역시 미추홀구 독배로 463 (숭의동),37.0,20.0,16.0,0,보통,,,,,,,,,
알엠병원,170518.173408914,438340.999906998,인천광역시 미추홀구 한나루로 446 (학익동),136.0,27.0,49.0,0,보통,,,,,,,,,
W(더블유)여성병원,171690.387974304,438809.96779308,"인천광역시 미추홀구 인주대로 400, 제일여성병원 2층 일부, 3-5층, 8층 (주안동)",60.0,40.0,29.0,0,보통,,,,,,,,,
나래병원,171081.625947145,434928.244784018,"인천광역시 연수구 청능대로 69, 나래병원 (청학동)",60.0,23.0,15.0,0,혼잡,,,,,,,,,
경인권역재활병원,172451.438069673,435193.972697616,인천광역시 연수구 원인재로 263 (연수동),120.0,36.0,37.0,0,혼잡,,,,,,,,,
서울바른척도병원,174848.239654252,439402.396373534,"인천광역시 남동구 구월로 233, 1층일부,2~5층 전체호 (구월동)",55.0,12.0,38.0,0,여유,,,,,,,,,
글로벌365mc병원,173473.832260562,438272.102552924,"인천광역시 남동구 예술로 138, 이토타워 413~422호 (구월동)",30.0,11.0,7.0,0,혼잡,,,,,,,,,
연세와병원,173579.941731897,439238.699289986,"인천광역시 남동구 정각로 2, 인천연세와병원 본관 지1층, 2~8층, 별관 1~4층, 옥탑 1~2층 (구월동)",79.0,25.0,58.0,0,여유,,,,,,,,,
일등병원,175652.596588598,439334.462750803,"인천광역시 남동구 구월로 311, 2층 (만수동)",30.0,9.0,15.0,0,보통,,,,,,,,,
정담병원,173967.570731385,439063.091920873,"인천광역시 남동구 구월남로 153, W 타워 3,4,5,6(일부층 (구월동)",40.0,14.0,20.0,0,보통,,,,,,,,,
서울이룸병원,174920.213821527,439391.038034496,"인천광역시 남동구 구월로 241, 1~5층 전체호 (구월동, 이룸메디컬)",68.0,20.0,3.0,0,혼잡,,,,,,,,,
모두병원,175670.497723462,433088.495548583,"인천광역시 남동구 논고개로 88, 외 논고개로90 3층호 (논현동, 지하1층전부,1층일부,2,3,4,5,6,7층전부)",65.0,15.0,35.0,0,여유,,,,,,,,,
올림피아병원,175152.900988705,439453.427198328,"인천광역시 남동구 호구포로 836, 구월프라자 1~3,5,6일부층 (구월동)",164.0,38.0,63.0,0,보통,,,,,,,,,
대찬병원,173606.306627898,438661.737707477,"인천광역시 남동구 인주대로 590, 1층일부, 2~8층, 9층일부 (구월동)",99.0,26.0,95.0,0,여유,,,,,,,,,
나다의료재단 소망병원,176045.363790294,443951.28362707,인천광역시 부평구 장제로 137 (부평동),30.0,7.0,3.0,0,혼잡,,,,,,,,,
다인이비인후과병원,174179.185186924,442871.866605984,"인천광역시 부평구 경원대로 1242, 지하1(일부)층, 1(일부)층, 3층, 4(일부)층, 5층, 6층, 7(일부)층 우암빌딩 (산곡동)",30.0,16.0,30.0,0,여유,,,,,,,,,
근로복지공단인천병원,178160.812854333,441588.947019173,인천광역시 부평구 무네미로 446 (구산동),280.0,80.0,221.0,2,여유,A1400032,근로복지공단인천병원,인천광역시 부평구 무네미로 446 (구산동),A1400032,근로복지공단인천병원,인천광역시 부평구 무네미로 446 (구산동),A1400032,근로복지공단인천병원,인천광역시 부평구 무네미로 446 (구산동)
연세백퍼센트병원,175699.54264801,443623.175844105,"인천광역시 부평구 부평문화로 87, 7~9층 10층 일부(1001~1005, 1007~1008)호 (부평동)",66.0,20.0,49.0,0,여유,,,,,,,,,
인천하이병원,176075.33053756,449068.841011664,인천광역시 계양구 경명대로 1107 (계산동),72.0,18.0,50.0,0,여유,,,,,,,,,
인천마디병원,175454.563070185,448906.453306532,인천광역시 계양구 계양대로 204 (계산동),74.0,20.0,51.0,0,여유,,,,,,,,,
효성병원,174417.771187534,447670.539638233,인천광역시 계양구 안남로 538 (효성동),181.0,37.0,57.0,2,보통,,,,,,,,,
인천더드림병원,175381.027365819,448131.664251626,인천광역시 계양구 계양대로 123(작전동),80.0,23.0,57.0,0,여유,A1403121,인천더드림병원,인천광역시 계양구 계양대로 123(작전동),A1403121,인천더드림병원,인천광역시 계양구 계양대로 123(작전동),A1403121,인천더드림병원,인천광역시 계양구 계양대로 123(작전동)
서송병원,174518.138976255,449052.018196719,"인천광역시 계양구 경명대로972번길 9, 계산종합의료단지 A,B동 전체호 (계산동)",432.0,114.0,205.0,2,보통,,,,,,,,,
오케이병원,176392.789045281,447368.564476959,"인천광역시 계양구 장제로 676, 오케이병원 2~7층 (작전동)",63.0,17.0,19.0,0,혼잡,,,,,,,,,
나움병원,169500.0,447993.88,"인천광역시 서구 청라에메랄드로 99, 지젤엠청라 A동 5층 (청라동)",80.0,29.0,27.0,0,보통,,,,,,,,,
인천연세병원,171136.135842238,449831.925294529,인천광역시 서구 승학로 320 (연희동),200.0,43.0,17.0,2,혼잡,,,,,,,,,
노송병원,170992.565342476,445322.898171679,"인천광역시 서구 가정로 280, 2~5층, 7층 (석남동)",84.0,22.0,30.0,0,보통,,,,,,,,,
착한마디병원,169596.481287462,455667.970827915,"인천광역시 서구 완정로 180, 2,3,4,5층 (마전동, 동화빌딩)",37.0,6.0,18.0,0,보통,,,,,,,,,
조아진병원,192558.5078563,184741.724920279,광주광역시 동구 무등로 329 (계림동),58.0,19.0,20.0,0,보통,,,,,,,,,
대중병원,192325.271533536,183729.68993269,광주광역시 동구 제봉로 187 (대인동),178.0,58.0,70.0,2,보통,,,,,,,,,
우병원,192598.375822095,184340.126895826,광주광역시 동구 구성로 271 (계림동),63.0,27.0,7.0,0,혼잡,,,,,,,,,
계림병원,192652.29737251,184644.525403797,광주광역시 동구 중앙로 327 (계림동),68.0,32.0,4.0,0,혼잡,,,,,,,,,
더스마트병원,193391.477524096,181453.915599891,"광주광역시 동구 남문로 689, 지하1층, 2층~9층 (학동)",121.0,42.0,32.0,0,혼잡,,,,,,,,,
메이저병원,192632.710439929,184758.112594242,"광주광역시 동구 중앙로 339, 2~8층 (계림동)",87.0,49.0,7.0,0,혼잡,,,,,,,,,
우리아동병원,187098.713848724,181319.004977777,광주광역시 서구 풍금로 167 (금호동),43.0,31.0,24.0,0,여유,,,,,,,,,
광주효민병원,187783.397608657,185822.013288188,"광주광역시 서구 하남대로680번길 2, 지상2층 (동천동)",56.0,13.0,4.0,0,혼잡,,,,,,,,,
상무효정병원,186158.840821989,183735.42430581,"광주광역시 서구 상무중앙로 64, 골드메디타워 5층,9층~13층 (치평동)",170.0,45.0,26.0,2,혼잡,,,,,,,,,
서광병원,186776.22292077,181506.92561986,광주광역시 서구 금화로59번길 6 (금호동),200.0,78.0,104.0,2,여유,A1500020,서광병원,광주광역시 서구 금화로59번길 6 (금호동),A1500020,서광병원,광주광역시 서구 금화로59번길 6 (금호동),A1500020,서광병원,광주광역시 서구 금화로59번길 6 (금호동)
중앙병원,189038.937072416,183697.970690602,"광주광역시 서구 상무대로 1084, 4-7층 (화정동)",69.0,25.0,12.0,0,혼잡,,,,,,,,,
뉴엔젤병원,186660.576598214,183743.056684611,"광주광역시 서구 운천로 227, 2,4~6층 (치평동)",70.0,39.0,8.0,0,혼잡,,,,,,,,,
화정아동병원,188774.432179765,183495.657919397,"광주광역시 서구 화운로 129, 2~5층 (화정동)",46.0,30.0,11.0,0,혼잡,,,,,,,,,
광주힐병원,186843.046523255,182720.459865774,"광주광역시 서구 운천로113번길 19-1, 지하~지상4층 (쌍촌동)",96.0,45.0,6.0,0,혼잡,,,,,,,,,
더(THE)건강한병원,187745.98798197,179936.767039634,"광주광역시 서구 송풍로 11, 2~3층 (풍암동)",76.0,31.0,8.0,0,혼잡,,,,,,,,,
예스정형외과병원,189338.99389417,184445.01303996,"광주광역시 서구 죽봉대로 66, 2,3,4층 (농성동)",44.0,15.0,22.0,0,보통,,,,,,,,,
문영래 정형외과병원,186934.659708642,182977.823606803,"광주광역시 서구 운천로 148, 2,3,5층 (쌍촌동)",50.0,16.0,21.0,0,보통,,,,,,,,,
소망하나로병원,188326.297258946,183040.486237659,"광주광역시 서구 월드컵4강로 110, 소망산부인과 1-6층 (화정동)",60.0,21.0,19.0,0,보통,,,,,,,,,
선한병원,189629.892537034,184722.564513145,광주광역시 서구 무진대로 975 (광천동),201.0,65.0,69.0,2,보통,A1502006,선한병원,광주광역시 서구 무진대로 975 (광천동),A1502006,선한병원,광주광역시 서구 무진대로 975 (광천동),A1502006,선한병원,광주광역시 서구 무진대로 975 (광천동)
시원병원,186158.840821989,183735.42430581,"광주광역시 서구 상무중앙로 64, 3,6~8층 (치평동)",109.0,34.0,8.0,0,혼잡,,,,,,,,,
밝은안과21병원,189405.241176076,184642.304687198,"광주광역시 서구 무진대로 950 (농성동, 주식회사명안빌딩)",30.0,9.0,19.0,0,여유,,,,,,,,,
새희망병원,190285.485200705,178138.206540649,"광주광역시 남구 효우1로 12, 지하1층 일부, 1층 일부, 501, 601, 701호 (행암동)",95.0,63.0,11.0,0,혼잡,,,,,,,,,
서울휴병원,189707.752631698,181269.94441088,"광주광역시 남구 회재로 1154, 서울휴병원 지하1층, 2층~6층 (주월동)",31.0,12.0,16.0,0,여유,,,,,,,,,
가제트병원,191850.187176542,181590.597999899,"광주광역시 남구 대남대로127번길 5, 가제트병원 (방림동)",80.0,18.0,38.0,0,보통,,,,,,,,,
한일병원,191755.825718171,181585.973204044,"광주광역시 남구 봉선중앙로 137, 한일병원 (봉선동)",99.0,28.0,16.0,0,혼잡,,,,,,,,,
예사랑아동병원,190679.530645788,180116.610773262,광주광역시 남구 서문대로 683 (진월동),94.0,60.0,35.0,0,보통,,,,,,,,,
사랑샘병원,192396.276458223,181756.090757418,"광주광역시 남구 용대로 208, 지하1,지상4~7층 (방림동)",59.0,20.0,19.0,0,보통,,,,,,,,,
광주참병원,190554.824392771,181647.054898932,광주광역시 남구 회재로 1244 (주월동),111.0,30.0,25.0,0,혼잡,,,,,,,,,
늘푸른병원,190039.601989038,182870.021677358,광주광역시 남구 금화로 436 (월산동),75.0,27.0,6.0,0,혼잡,,,,,,,,,
가람병원,189347.047837214,186108.107828823,"광주광역시 북구 북문대로 14, 지하1,1~5층 (운암동)",77.0,34.0,5.0,0,혼잡,,,,,,,,,
비엔날레병원,189954.584464959,186918.724544673,"광주광역시 북구 비엔날레로 108, 3,5층 (용봉동)",87.0,40.0,4.0,0,혼잡,,,,,,,,,
더나은병원,187681.019097935,189800.226856209,"광주광역시 북구 첨단연신로108번길 22, 2~5층 (신용동)",85.0,25.0,16.0,0,혼잡,,,,,,,,,
빛고을선병원,190723.370949894,185286.261476061,"광주광역시 북구 무등로 140, 지하1~지상1,3~6,8~9층 (신안동)",150.0,45.0,25.0,0,혼잡,,,,,,,,,
새나래병원,187545.072499609,189762.926040983,"광주광역시 북구 첨단연신로 101, 2-9층 (신용동)",103.0,22.0,48.0,0,보통,,,,,,,,,
아이맘아동병원,188500.157806914,190151.178692801,"광주광역시 북구 하서로 400, 2,3,4,5층 (양산동)",58.0,33.0,37.0,0,여유,,,,,,,,,
광주바로병원,187165.498415271,189712.31999955,"광주광역시 북구 첨단연신로91번길 42, 첨단써밋센트럴타워 (신용동)",114.0,38.0,54.0,0,보통,,,,,,,,,
두암기독병원,193867.55382831,184710.169884451,광주광역시 북구 갈마로 27 (풍향동),143.0,42.0,42.0,0,혼잡,,,,,,,,,
튼튼정형외과병원,192122.592300182,186003.685705838,광주광역시 북구 서방로 12 (중흥동),59.0,14.0,33.0,0,여유,,,,,,,,,
광주굿모닝병원,188215.229250714,187301.916231287,광주광역시 북구 북문대로 182 (운암동),124.0,37.0,52.0,0,보통,,,,,,,,,
새운암병원,189118.483685233,186183.171556614,"광주광역시 북구 북문대로 35, 지하1-지상7층 (운암동)",73.0,30.0,4.0,0,혼잡,,,,,,,,,
호남권역재활병원,189324.118594375,191798.108508527,광주광역시 북구 하서로 590 (본촌동),188.0,51.0,61.0,2,보통,,,,,,,,,
빛고을여성병원,188418.689799441,190137.452144316,"광주광역시 북구 하서로 395, 빛고을 여성병원 2~7층 (양산동)",85.0,59.0,54.0,0,여유,,,,,,,,,
빛고을생생병원,193718.513330798,187052.408357496,"광주광역시 북구 각화대로 7, 지1, 1~5층 (각화동)",127.0,39.0,44.0,0,보통,,,,,,,,,
힘내라정형외과병원,188189.898813384,187112.706497823,"광주광역시 북구 북문대로 167, 3층 302호, 4, 5층 (운암동)",50.0,17.0,15.0,0,혼잡,,,,,,,,,
중앙에스오디병원,189314.260616948,185725.970368377,"광주광역시 북구 하남대로 832, 1~4층 (운암동)",52.0,22.0,3.0,0,혼잡,,,,,,,,,
하나아동병원,185740.033832182,190898.679898768,광주광역시 광산구 임방울대로 784 (월계동),52.0,33.0,26.0,0,보통,,,,,,,,,
광산수완미래아동병원,183351.877409479,186264.845524517,"광주광역시 광산구 임방울대로 162 (운남동, 광산미래아동병원)",60.0,37.0,43.0,0,여유,,,,,,,,,
한마음병원,181056.42683378,181094.271041487,"광주광역시 광산구 송도로 160, 3,4층 (도산동)",48.0,26.0,23.0,0,보통,,,,,,,,,
도원병원,183898.531283728,186476.187897304,광주광역시 광산구 목련로219번길 140 (운남동),80.0,25.0,4.0,0,혼잡,,,,,,,,,
슬기로운재활의학과병원,181307.928192751,182655.936812488,"광주광역시 광산구 상무대로 271, 슬기로운재활의학과병원 (소촌동)",99.0,41.0,31.0,0,혼잡,,,,,,,,,
더블유여성병원,183813.091096381,187849.980512539,광주광역시 광산구 임방울대로 331 (수완동),54.0,45.0,79.0,0,여유,,,,,,,,,
세계로병원,183401.029822815,188021.504481302,광주광역시 광산구 장신로 77 (장덕동),163.0,42.0,105.0,2,여유,,,,,,,,,
광주21세기병원,183354.955625432,186324.686699865,"광주광역시 광산구 임방울대로 164 (운남동, 광주21세기병원)",94.0,27.0,40.0,0,보통,,,,,,,,,
광주365재활병원,181751.931868631,187078.57213528,광주광역시 광산구 하남마항로 26(흑석동),176.0,47.0,80.0,2,보통,,,,,,,,,
광주센트럴병원,184392.118209497,187404.077274854,"광주광역시 광산구 수완로 6, A동1,3,5,6층/B동동 (신가동)",299.0,99.0,179.0,2,여유,A1502007,광주센트럴병원,"광주광역시 광산구 수완로 6, A동1,3,5,6층/B동동 (신가동)",A1502007,광주센트럴병원,"광주광역시 광산구 수완로 6, A동1,3,5,6층/B동동 (신가동)",A1502007,광주센트럴병원,"광주광역시 광산구 수완로 6, A동1,3,5,6층/B동동 (신가동)"
더젠병원,230153.156851193,311297.892365428,"대전광역시 서구 계백로 1013, 3~7층 (관저동)",128.0,40.0,51.0,0,보통,,,,,,,,,
더블유여성병원,234407.594820299,315934.787083826,"대전광역시 서구 문정로48번길 70, 3,4,5층 (탄방동)",48.0,27.0,14.0,0,혼잡,,,,,,,,,
대전굿니스병원,234687.878479794,316640.036933755,"대전광역시 서구 둔산중로 38, 둔산메트로존 9,10층 (둔산동)",71.0,33.0,9.0,0,혼잡,,,,,,,,,
써지탑병원,234034.876986424,317098.249862468,"대전광역시 서구 대덕대로 238, 4,5,6층 (둔산동)",76.0,16.0,18.0,0,혼잡,,,,,,,,,
킴벨피부과병원,234034.876986424,317098.249862468,"대전광역시 서구 대덕대로 238, 2층 (둔산동)",31.0,7.0,7.0,0,혼잡,,,,,,,,,
대청병원,233179.129256981,312030.067815306,"대전광역시 서구 계백로 1322 (정림동, 대청병원)",262.0,51.0,71.0,2,혼잡,A1602246,대청병원,"대전광역시 서구 계백로 1322 (정림동, 대청병원)",A1602246,대청병원,"대전광역시 서구 계백로 1322 (정림동, 대청병원)",A1602246,대청병원,"대전광역시 서구 계백로 1322 (정림동, 대청병원)"
다빈치병원,234540.5406931,316145.533253646,대전광역시 서구 계룡로553번길 60 (탄방동),216.0,55.0,83.0,2,보통,,,,,,,,,
밝은누리안과병원,234106.023054984,316817.896186174,대전광역시 서구 둔산로 61 (둔산동),30.0,9.0,8.0,0,혼잡,,,,,,,,,
맘스여성병원,413063.98739351,232217.009737985,울산광역시 중구 남외2길 36 (남외동),40.0,24.0,51.0,0,여유,,,,,,,,,
의료법인 동강의료재단 동천동강병원,413012.49105159,232408.754670272,"울산광역시 중구 외솔큰길 215 (남외동, 동천동강병원)",243.0,55.0,213.0,2,여유,,,,,,,,,
아이윤병원,410905.165592335,231208.92512078,"울산광역시 중구 번영로 371, 3,6,7,12층 (학산동)",30.0,14.0,7.0,0,혼잡,,,,,,,,,
울산미즈병원,405849.758182459,230432.984909533,울산광역시 남구 남산로 2 (무거동),44.0,32.0,21.0,0,보통,,,,,,,,,
울산연세병원,405130.444174607,229935.419654409,"울산광역시 남구 대학로 152, 2~8층, 9층일부, 10층 울산연세병원 (무거동)",214.0,65.0,99.0,2,보통,,,,,,,,,
울산365재활의학과병원,410807.153000828,229455.010943935,"울산광역시 남구 번영로 195, 2층,3(일부)층 (신정동, 동문아뮤티)",79.0,21.0,40.0,0,보통,,,,,,,,,
위드여성병원,412854.347353267,229839.692278632,울산광역시 남구 남중로 123 (삼산동),42.0,27.0,20.0,0,보통,,,,,,,,,
의료법인 은성의료재단 좋은삼정병원,405670.72549857,230494.610150191,울산광역시 남구 북부순환도로 51 (무거동),299.0,83.0,333.0,2,여유,,,,,,,,,
의료법인 정안의료재단 중앙병원,408983.659567926,228275.334849492,"울산광역시 남구 문수로 472, 중앙병원 (신정동)",362.0,104.0,454.0,2,여유,,,,,,,,,
서울아동병원,405422.664777426,230446.978652116,"울산광역시 남구 북부순환도로 25, 지하1,2~6층 (무거동)",61.0,36.0,20.0,0,보통,,,,,,,,,
좋은의사들안과병원,411283.239508313,229007.151327803,"울산광역시 남구 삼산로 213, 웰빙메디타워 2~7, 10층 (달동)",30.0,11.0,6.0,0,혼잡,,,,,,,,,
제니스병원,411021.45012869,229141.858864579,"울산광역시 남구 번영로 160, 1층 일부 2~3, 5~10층 (달동)",119.0,41.0,93.0,0,여유,,,,,,,,,
하이본병원,411239.794345172,229468.639434844,"울산광역시 남구 돋질로 228, 2~7층 (달동)",99.0,27.0,68.0,0,여유,,,,,,,,,
건강한윌병원,409428.332068421,229802.184904901,"울산광역시 남구 중앙로 282, 5~11층 (신정동)",69.0,25.0,31.0,0,보통,,,,,,,,,
의료법인 송은의료재단 울산시티병원,413721.766715729,234008.513934705,울산광역시 북구 산업로 1007 (연암동),379.0,116.0,430.0,2,여유,,,,,,,,,
의료법인 송은의료재단 울산시티2병원,413782.141087522,233907.373883997,울산광역시 북구 산업로 1001 (연암동),188.0,47.0,58.0,2,혼잡,,,,,,,,,
아이마음아동병원,413463.927399391,240636.094813232,"울산광역시 북구 괴정1길 114, 2,3,4,5층 (매곡동)",71.0,44.0,22.0,0,혼잡,,,,,,,,,
북울산병원,412300.659848759,239071.351643436,"울산광역시 북구 신답로 37, 지하1층~지상8층 (상안동)",146.0,41.0,55.0,0,보통,,,,,,,,,
(의)성덕의료재단 간절곶자연병원,411035.097080844,209948.720671214,울산광역시 울주군 서생면 용리길 165-11,71.0,29.0,9.0,0,혼잡,,,,,,,,,
의료법인 명원의료재단 파인힐병원,387753.111939568,236656.916185843,울산광역시 울주군 상북면 석남로 900,74.0,23.0,9.0,0,혼잡,,,,,,,,,
울산이손병원,389633.069880501,225011.296792603,"울산광역시 울주군 삼남읍 하방로 43, (지하2층 일부, 지하1층, 지상 1,2층)",125.0,39.0,57.0,0,보통,,,,,,,,,
햇살아동병원,401907.614524927,231542.624183339,울산광역시 울주군 범서읍 천상중앙길 80,42.0,23.0,12.0,0,혼잡,,,,,,,,,
자재병원,387301.10128301,235965.772962599,울산광역시 울주군 상북면 소야정길 216-39,49.0,25.0,26.0,0,여유,,,,,,,,,
우리병원,391854.412223118,231762.165468864,울산광역시 울주군 언양읍 헌양길 175,50.0,37.0,3.0,0,혼잡,,,,,,,,,
다인병원,202380.703697167,421109.181736574,"경기도 수원시 장안구 창룡대로 159, 다인병원 (연무동)",98.0,26.0,47.0,0,보통,,,,,,,,,
김찬병원,202309.359987115,418244.897351925,"경기도 수원시 팔달구 경수대로 450, 3~13층 (인계동)",152.0,50.0,34.0,2,혼잡,,,,,,,,,
수병원,202574.876524899,419833.567070553,경기도 수원시 팔달구 경수대로 613 (지동),99.0,24.0,69.0,0,여유,,,,,,,,,
최강병원,202300.873397252,418479.104302012,경기도 수원시 팔달구 경수대로 471 (인계동),37.0,10.0,22.0,0,여유,,,,,,,,,
세인트마리여성병원,195844.305785948,419278.090017568,"경기도 수원시 권선구 금곡로197번길 70, 1~5, 9층 (금곡동)",68.0,45.0,39.0,0,여유,,,,,,,,,
버팀병원,204894.596571785,415913.666015514,"경기도 수원시 영통구 영통로 195, 골든스퀘어 2, 3, 4, 5층일부, 6층 (망포동)",90.0,20.0,30.0,0,보통,,,,,,,,,
해성병원,202587.082435656,419123.384175451,경기도 수원시 팔달구 경수대로 542 (인계동),134.0,35.0,62.0,0,보통,,,,,,,,,
제이에스병원,195983.436226788,419066.160944479,"경기도 수원시 권선구 금곡로196번길 76, 3~7층 (금곡동)",123.0,33.0,48.0,0,보통,,,,,,,,,
의료법인 명인의료재단 화홍병원,196712.026265735,417579.261275629,경기도 수원시 권선구 호매실로90번길 98 (호매실동),258.0,77.0,123.0,2,보통,,,,,,,,,
윤강병원,204682.004225851,416040.588568303,경기도 수원시 영통구 덕영대로1483번길 12 (망포동),98.0,26.0,13.0,0,혼잡,,,,,,,,,
매듭병원,204678.018756442,415221.361491303,"경기도 수원시 영통구 태장로 68, 매듭병원 (망포동)",79.0,24.0,27.0,0,보통,A2119276,매듭병원,"경기도 수원시 영통구 태장로 68, 매듭병원 (망포동)",A2119276,매듭병원,"경기도 수원시 영통구 태장로 68, 매듭병원 (망포동)",A2119276,매듭병원,"경기도 수원시 영통구 태장로 68, 매듭병원 (망포동)"
수원센텀병원,196765.920520651,417424.197517001,"경기도 수원시 권선구 호매실로90번길 76, 2~5층 (호매실동)",202.0,53.0,79.0,2,보통,,,,,,,,,
리베르여성병원,204289.164583219,416181.137128472,"경기도 수원시 영통구 삼성로 34, 지하1,지상2~4층 (신동)",32.0,25.0,22.0,0,여유,,,,,,,,,
수원아이편한병원,202733.785602761,417547.639611992,"경기도 수원시 팔달구 권광로 138, 수원시청역 선경센트럴파크 4층 (인계동)",51.0,33.0,16.0,0,혼잡,,,,,,,,,
의료법인 덕산의료재단 수원덕산병원,197651.178592515,417394.536733624,경기도 수원시 권선구 서부로 1674 (고색동),439.0,158.0,266.0,2,여유,,,,,,,,,
아름본재활의학과병원,202625.23364918,418377.45675413,"경기도 수원시 팔달구 인계로 118, 2층~5층 (인계동)",36.0,11.0,17.0,0,보통,,,,,,,,,
베데스다병원,206556.351819145,417113.766621288,"경기도 수원시 영통구 봉영로 1623, 드림피아빌딩 6층일부,7,8,9층 (영통동)",266.0,47.0,93.0,2,보통,,,,,,,,,
쉬즈메디병원,202507.297561605,419151.796702647,경기도 수원시 팔달구 장다리로 288 (인계동),50.0,27.0,49.0,0,여유,,,,,,,,,
서울성모안과병원,203996.997278002,419176.713212452,경기도 수원시 영통구 중부대로271번길 4 (원천동),30.0,9.0,18.0,0,여유,,,,,,,,,
더웰병원,206638.599645945,417009.931189422,"경기도 수원시 영통구 봉영로 1620 (영통동, 대우월드마크영통 3,5,6,7,8층)",35.0,18.0,33.0,0,여유,,,,,,,,,
성모척관병원,200684.32426714,421114.823744729,경기도 수원시 장안구 수성로 330(영화동),54.0,17.0,35.0,0,여유,,,,,,,,,
나누리수원병원,204209.612933195,419110.426726273,"경기도 수원시 영통구 중부대로 295 (원천동, 외 11필지)",141.0,35.0,98.0,0,여유,,,,,,,,,
연세스타병원,212889.780307968,437694.304837431,"경기도 성남시 수정구 산성대로 267, 5층 일부, 6층 (신흥동)",58.0,17.0,23.0,0,보통,,,,,,,,,
미라클 병원,211751.91666796,434337.588963589,"경기도 성남시 분당구 매화로 39, 광명조합상가 2~5층 (야탑동)",81.0,41.0,19.0,0,혼잡,,,,,,,,,
분당척병원,211374.669578547,434537.46230735,"경기도 성남시 분당구 성남대로 932, 1~9층 별관:성남대로926번길 12, 금탑프라자 702~706호 (야탑동)",81.0,20.0,84.0,0,여유,,,,,,,,,
으뜸병원,211313.708010185,436554.780756187,"경기도 성남시 중원구 성남대로 1133, 성남 메트로칸 3,4층 (성남동)",38.0,7.0,9.0,0,혼잡,,,,,,,,,
분당베스트병원,211425.537822823,434474.106083114,"경기도 성남시 분당구 성남대로926번길 6, 701,801호 (야탑동, 야탑대덕프라자)",149.0,29.0,54.0,0,보통,,,,,,,,,
바른마디병원,214318.566422588,438127.583112652,경기도 성남시 중원구 광명로 330 (금광동),82.0,19.0,53.0,0,여유,A2106200,바른마디병원,경기도 성남시 중원구 광명로 330 (금광동),A2106200,바른마디병원,경기도 성남시 중원구 광명로 330 (금광동),A2106200,바른마디병원,경기도 성남시 중원구 광명로 330 (금광동)
사랑의병원,209893.19444533,432815.237680924,"경기도 성남시 분당구 분당내곡로 151, 6, 7층 (삼평동)",50.0,13.0,15.0,0,혼잡,,,,,,,,,
휴엔병원,212681.476849763,437541.505068242,"경기도 성남시 수정구 산성대로 241, 9,10,11,12층 (신흥동)",180.0,34.0,14.0,0,혼잡,,,,,,,,,
지우병원,212335.696641629,437960.918185518,경기도 성남시 수정구 수정로 183 (태평동),60.0,18.0,29.0,0,보통,,,,,,,,,
성모윌병원,211282.843344556,436931.594676797,"경기도 성남시 수정구 성남대로 1171, 삼성화재빌딩 1층일부, 2~9층 (수진동)",110.0,23.0,101.0,0,여유,A2115807,성모윌병원,"경기도 성남시 수정구 성남대로 1171, 삼성화재빌딩 1층일부, 2~9층 (수진동)",A2115807,성모윌병원,"경기도 성남시 수정구 성남대로 1171, 삼성화재빌딩 1층일부, 2~9층 (수진동)",A2115807,성모윌병원,"경기도 성남시 수정구 성남대로 1171, 삼성화재빌딩 1층일부, 2~9층 (수진동)"
성남시의료원,212249.047353812,438077.510365737,"경기도 성남시 수정구 수정로171번길 10, 성남시의료원 (태평동)",299.0,84.0,360.0,2,여유,A2116806,성남시의료원,"경기도 성남시 수정구 수정로171번길 10, 성남시의료원 (태평동)",A2116806,성남시의료원,"경기도 성남시 수정구 수정로171번길 10, 성남시의료원 (태평동)",A2116806,성남시의료원,"경기도 성남시 수정구 수정로171번길 10, 성남시의료원 (태평동)"
위례재활병원,212022.823990217,440388.878095114,"경기도 성남시 수정구 위례서일로 6, 6층~9층 (창곡동)",134.0,36.0,69.0,0,여유,,,,,,,,,
참튼튼병원,204507.651298784,470668.91607406,"경기도 의정부시 태평로 66, 1,2,3,4층 (의정부동)",79.0,17.0,41.0,0,여유,,,,,,,,,
호원병원,203752.299306863,469619.448388527,"경기도 의정부시 신흥로 145-1, B2-5층 (호원동)",65.0,13.0,14.0,0,혼잡,,,,,,,,,
서울척병원,204216.075274824,470124.229147649,"경기도 의정부시 태평로 6, 2~5층 (의정부동)",62.0,9.0,50.0,0,여유,,,,,,,,,
마스터플러스병원,203836.646821482,469012.323625359,"경기도 의정부시 신흥로 84, 지1, 2~6층 (호원동)",203.0,53.0,95.0,2,보통,,,,,,,,,
리하트병원,207742.49663546,469963.143794438,"경기도 의정부시 충의로 3, 1~5층 (용현동)",178.0,43.0,73.0,2,보통,,,,,,,,,
튼튼어린이병원,203863.769923643,471905.93918731,"경기도 의정부시 평화로 647, 미건메디컬프라자 B1,2,3,5층 201호 (의정부동)",55.0,35.0,14.0,0,혼잡,,,,,,,,,
연세오케이병원,204112.385802701,470126.308249477,"경기도 의정부시 경의로 107, 2~6(일부제외)층 (의정부동)",65.0,19.0,33.0,0,보통,,,,,,,,,
학교법인 을지학원 의정부을지대학교병원,204511.986520007,472242.407803342,"경기도 의정부시 동일로 712, 을지대학교 의정부캠퍼스 및 부속병원 (금오동)",741.0,224.0,1050.0,1,여유,,,,,,,,,
연세고든병원,208436.880902864,471310.707482348,"경기도 의정부시 천보로 44, 5~6층 (민락동)",71.0,20.0,36.0,0,보통,,,,,,,,,
연세베스트병원,204147.354843753,469350.024246307,"경기도 의정부시 평화로 389, 2~8층 (호원동)",62.0,18.0,27.0,0,보통,,,,,,,,,
평촌서울나우병원,197405.461145835,432648.10838173,"경기도 안양시 동안구 시민대로 372, 평촌서울나우병원 (관양동)",95.0,29.0,102.0,0,여유,,,,,,,,,
시대병원,195955.054060155,429459.646371662,"경기도 안양시 동안구 엘에스로 37, 2~5층 (호계동)",37.0,11.0,8.0,0,혼잡,,,,,,,,,
의료법인 토마스의료재단 안양윌스기념병원,196232.061341684,430078.441831822,"경기도 안양시 동안구 경수대로 560, 안양남부새마을금고 2-8층 (호계동)",100.0,17.0,102.0,0,여유,,,,,,,,,
더만족병원,180629.671028766,444574.65824914,경기도 부천시 원미구 계남로 310 (중동),64.0,16.0,34.0,0,여유,,,,,,,,,
부천21세기병원,180069.078164006,442402.13038558,"경기도 부천시 소사구 경인로 180, 2층,3층 (심곡본동)",57.0,17.0,36.0,0,여유,,,,,,,,,
수목부천병원,180480.705338028,442664.19813911,"경기도 부천시 원미구 부일로 448, 프리존 빌딩 6,7층 601,607,608,701,707,708호 (심곡동)",99.0,36.0,14.0,0,혼잡,,,,,,,,,
부천서울어린이병원,178522.440963093,444945.755024196,"경기도 부천시 원미구 송내대로265번길 19, 4,5층 (상동, 대신프라자)",56.0,39.0,22.0,0,보통,,,,,,,,,
스마튼병원,180132.698051622,444778.4052607,"경기도 부천시 원미구 신흥로 240 (중동, 스마튼병원)",48.0,11.0,31.0,0,여유,,,,,,,,,
오정본병원,182644.229615937,447285.305858252,"경기도 부천시 오정구 소사로 801, 소사로 790 2층~3층 (원종동)",51.0,12.0,22.0,0,보통,,,,,,,,,
인본병원,178156.560320666,444798.495006961,"경기도 부천시 원미구 상동로 90, 메가플러스빌딩 504,504-2,505,508일부호 (상동)",48.0,12.0,32.0,0,여유,,,,,,,,,
생생병원,181632.547692777,442226.309838469,"경기도 부천시 소사구 경인옛로 3 (소사본동, 소사메디파크 5~8층)",64.0,15.0,58.0,0,여유,,,,,,,,,
디딤병원,180737.161680102,442764.789152519,"경기도 부천시 원미구 부천로29번길 7, 부천메디컬프라자 5~10층 (심곡동)",53.0,16.0,18.0,0,보통,,,,,,,,,
연세제일병원,181320.347649005,446431.087455746,"경기도 부천시 원미구 삼작로 252, 정남프라자 2층일부,4층일부,5층 (도당동)",51.0,15.0,5.0,0,혼잡,,,,,,,,,
건주병원,183621.08302073,442520.86386147,"경기도 부천시 소사구 경인로536번길 27, 메디슨167 3,4,5층 (괴안동)",61.0,18.0,50.0,0,여유,,,,,,,,,
건강한세상의료생협 참빛병원,181151.163696931,446396.77464979,"경기도 부천시 원미구 수도로 202, 은성프라자 1층일부, 2층일부, 3층 (도당동)",50.0,17.0,11.0,0,혼잡,,,,,,,,,
성모힐병원,178434.789729485,442398.265795739,"경기도 부천시 소사구 경인로 17, 지하1층~지상5층 (송내동)",119.0,35.0,36.0,0,혼잡,,,,,,,,,
새울병원,182158.975028666,440442.683434416,"경기도 부천시 소사구 소사로 80, 한일프라자 2,3,4,5,6층 (소사본동)",39.0,12.0,24.0,0,여유,,,,,,,,,
마리안나병원,186868.213168204,441373.497278739,"경기도 광명시 광명로 844, 마리안나병원 (광명동)",89.0,45.0,37.0,0,보통,,,,,,,,,
광명다시선병원,189489.952176307,438456.261162102,"경기도 광명시 오리로 518, CL Tower 7,8,9,10층 (소하동)",125.0,34.0,43.0,0,보통,,,,,,,,,
광명새움병원,189489.952176307,438456.261162102,"경기도 광명시 오리로 518, 3~6층 (소하동)",55.0,14.0,49.0,0,여유,,,,,,,,,
아이원병원,189752.310215434,438424.963977542,"경기도 광명시 소하로75번길 10, 3~8층 (소하동)",72.0,42.0,39.0,0,여유,,,,,,,,,
광명기대찬병원,188049.387593208,441552.688225066,"경기도 광명시 오리로 872, 1-2, 4-7층 (철산동)",30.0,9.0,13.0,0,보통,,,,,,,,,
중앙대학교광명병원,189829.860259128,435826.835830008,경기도 광명시 덕안로 110(일직동),695.0,227.0,1325.0,1,여유,A2118788,중앙대학교광명병원,경기도 광명시 덕안로 110(일직동),A2118788,중앙대학교광명병원,경기도 광명시 덕안로 110(일직동),A2118788,중앙대학교광명병원,경기도 광명시 덕안로 110(일직동)
평택우리병원,210041.453518562,388587.585426547,"경기도 평택시 비전5로 20-18, 가로수빌딩 1~4층 1층(102호),2층~4층호 (비전동)",61.0,17.0,60.0,0,여유,,,,,,,,,
의료법인 양진의료재단 평택성모병원,206528.12628095,389641.576158318,경기도 평택시 평택로 284 (세교동),366.0,100.0,420.0,2,여유,,,,,,,,,
평택비전병원,210129.033166995,388987.006631937,경기도 평택시 비전4로 47 (비전동),74.0,19.0,10.0,0,혼잡,,,,,,,,,
스마일본병원,210139.748022166,388891.177114226,"경기도 평택시 비전5로 37, 3층~6층 (비전동)",82.0,22.0,21.0,0,혼잡,,,,,,,,,
서울제일병원,205477.292589627,397556.726063973,"경기도 평택시 지산로 70, 2-7층 (지산동)",108.0,26.0,27.0,0,혼잡,,,,,,,,,
평택21세기병원,210109.777897254,387632.108077604,경기도 평택시 중앙로 288 (합정동),98.0,23.0,32.0,0,보통,,,,,,,,,
한강연세병원,204627.813086659,486550.110377639,경기도 동두천시 평화로2169번길 24 (송내동),70.0,19.0,5.0,0,혼잡,,,,,,,,,
박진영병원,184794.753782825,423438.458688208,"경기도 안산시 단원구 광덕대로 181, BYC안산고잔동빌딩 2,6,7층 일부층 507,508,602호 (고잔동)",67.0,18.0,47.0,0,여유,,,,,,,,,
케이에스병원,185048.747717385,424130.056197708,"경기도 안산시 단원구 고잔로 54, 203,302~303호 (고잔동, 에이스타워)",34.0,11.0,10.0,0,혼잡,,,,,,,,,
기둥병원,187852.53559403,422244.178054338,"경기도 안산시 상록구 상록수로 34, 뉴라성관광호텔 2층 일부, 3 층 (본오동)",61.0,16.0,19.0,0,혼잡,,,,,,,,,
의료법인서전의료재단한사랑병원,186493.44385095,422800.614800288,경기도 안산시 상록구 광덕1로 345 (이동),64.0,23.0,53.0,0,여유,,,,,,,,,
고든병원,185295.084553074,424099.171349268,"경기도 안산시 단원구 고잔로 76, 영풍빌딩 408일부,501~502,505,505-1,506호 (고잔동)",45.0,14.0,35.0,0,여유,,,,,,,,,
제이케이병원,185750.479003055,425435.119267874,"경기도 안산시 단원구 예술대학로4길 10, 지하1, 1~3층 (고잔동, 지디스요양원)",45.0,10.0,14.0,0,혼잡,,,,,,,,,
클래스병원,184620.497111014,424043.902881011,"경기도 안산시 단원구 적금로1길 11, SR노빌리안 3~8층 1층(101~103)호 (고잔동)",145.0,44.0,90.0,0,여유,A2119939,클래스병원,"경기도 안산시 단원구 적금로1길 11, SR노빌리안 3~8층 1층(101~103)호 (고잔동)",A2119939,클래스병원,"경기도 안산시 단원구 적금로1길 11, SR노빌리안 3~8층 1층(101~103)호 (고잔동)",A2119939,클래스병원,"경기도 안산시 단원구 적금로1길 11, SR노빌리안 3~8층 1층(101~103)호 (고잔동)"
안산 마루병원,186793.984964404,423015.718031014,"경기도 안산시 상록구 광덕1로 385, 엔타운 5~7층 (이동)",127.0,33.0,57.0,0,보통,,,,,,,,,
열린외과병원,184795.69117454,424336.224294956,"경기도 안산시 단원구 화랑로 376, B1 일부, 2~4층 (고잔동)",35.0,10.0,17.0,0,보통,,,,,,,,,
의료법인성광의료재단일산차병원,180159.813474529,461339.112684055,"경기도 고양시 일산동구 중앙로 1205, 지하1층(일부),지하2층,지하4층(일부),1층(일부),2층(일부),3층(일부),4~5층,6층(일부), 7~10층 (장항동)",299.0,130.0,647.0,2,여유,A2116972,의료법인성광의료재단일산차병원,"경기도 고양시 일산동구 중앙로 1205, 지하1층(일부),지하2층,지하4층(일부),1층(일부),2층(일부),3층(일부),4~5층,6층(일부), 7~10층 (장항동)",A2116972,의료법인성광의료재단일산차병원,"경기도 고양시 일산동구 중앙로 1205, 지하1층(일부),지하2층,지하4층(일부),1층(일부),2층(일부),3층(일부),4~5층,6층(일부), 7~10층 (장항동)",A2116972,의료법인성광의료재단일산차병원,"경기도 고양시 일산동구 중앙로 1205, 지하1층(일부),지하2층,지하4층(일부),1층(일부),2층(일부),3층(일부),4~5층,6층(일부), 7~10층 (장항동)"
고양휴메디병원,188978.929411932,460603.564479308,"경기도 고양시 덕양구 원흥3로 6-17, 3층~7층 (원흥동)",199.0,54.0,61.0,2,혼잡,,,,,,,,,
원흥아이제일병원,188816.104803012,460987.264403218,"경기도 고양시 덕양구 권율대로 685, SIB타워 9,10층 (원흥동)",55.0,34.0,29.0,0,여유,,,,,,,,,
서울척탑병원,188816.104803012,460987.264403218,"경기도 고양시 덕양구 권율대로 685, SIB타워 6층,7층 ,803~808호 (원흥동)",68.0,19.0,45.0,0,여유,,,,,,,,,
다병원,186421.557345025,457356.095590639,"경기도 고양시 덕양구 서정마을로 5, 행신프라자 3~7층 (행신동)",41.0,13.0,10.0,0,혼잡,,,,,,,,,
연세나을병원,180306.332766803,460922.163764663,"경기도 고양시 일산동구 장백로 174, 지하1층~지상10층 (장항동)",99.0,41.0,27.0,0,혼잡,,,,,,,,,
연세강인병원,184983.790262087,458829.949981273,"경기도 고양시 덕양구 화중로 50, 4,5,6층 (화정동)",85.0,16.0,17.0,0,혼잡,,,,,,,,,
일산하이병원,180578.974778596,464483.751987846,경기도 고양시 일산동구 고양대로 761 (중산동),76.0,18.0,19.0,0,혼잡,,,,,,,,,
연세마두병원,180411.090858326,461078.7300066,"경기도 고양시 일산동구 강석로 123 (마두동, 뉴삼창마트)",105.0,18.0,31.0,0,혼잡,,,,,,,,,
연세항맥병원,178947.014183837,463157.053722125,"경기도 고양시 일산서구 강성로 121, 일산삼희프라자 301~6,309~11호 (주엽동)",36.0,14.0,6.0,0,혼잡,,,,,,,,,
포인트병원,178747.080216502,463221.556764707,"경기도 고양시 일산서구 중앙로 1448 (주엽동, 2층~5층)",61.0,15.0,33.0,0,여유,,,,,,,,,
케이제노셀병원,190566.60434071,455345.355356615,"경기도 고양시 덕양구 향기로 119, Urban place 5~7층 (향동동)",35.0,14.0,16.0,0,보통,,,,,,,,,
구리센트럴병원,212640.806781549,455006.350386873,"경기도 구리시 검배로 46, 굿빌딩(3,4,6~9,11,12층) (수택동)",93.0,23.0,30.0,0,보통,,,,,,,,,
오케이참병원,212117.612552482,456344.486297734,"경기도 구리시 건원대로 95, 3,4,5,6층 (인창동, 인창프라자)",68.0,19.0,12.0,0,혼잡,,,,,,,,,
좋은아침병원,211516.939409525,455350.443046615,"경기도 구리시 경춘로 144, 좋은아침빌딩 지하1~지상5층 (교문동)",88.0,17.0,67.0,0,여유,,,,,,,,,
행복한외과병원,212870.428947542,454794.726859975,"경기도 구리시 검배로 78 (수택동, 행복한외과)",38.0,15.0,6.0,0,혼잡,,,,,,,,,
국군구리병원,210477.353246929,456427.616381704,"경기도 구리시 인창2로 177 (인창동, 국군구리병원)",42.0,12.0,82.0,0,여유,,,,,,,,,
아이맘어린이병원,213428.814322326,457829.512215219,"경기도 남양주시 다산중앙로 105-8, 성산플레이스 4차 3~5층,10층 (다산동)",71.0,46.0,14.0,0,혼잡,,,,,,,,,
서울에이스병원,213299.72400545,458148.941649184,"경기도 남양주시 다산중앙로145번길 9, 에이스병원 2~7층 402호 제외호 (다산동)",70.0,20.0,48.0,0,여유,,,,,,,,,
엘병원,212384.59059331,460718.517347065,"경기도 남양주시 퇴계원읍 퇴계원로 20, 지하2~지상7층 일부제외호",156.0,44.0,106.0,2,여유,A2118188,엘병원,"경기도 남양주시 퇴계원읍 퇴계원로 20, 지하2~지상7층 일부제외호",A2118188,엘병원,"경기도 남양주시 퇴계원읍 퇴계원로 20, 지하2~지상7층 일부제외호",A2118188,엘병원,"경기도 남양주시 퇴계원읍 퇴계원로 20, 지하2~지상7층 일부제외호"
삼성바른병원,226071.095671936,461191.878870617,"경기도 남양주시 화도읍 경춘로 1872, 2~4층",65.0,21.0,25.0,0,보통,,,,,,,,,
진접 한양병원,216336.473260368,467638.784627414,"경기도 남양주시 진접읍 해밀예당1로 28, 진접농협 2층, 3층",71.0,32.0,26.0,0,보통,,,,,,,,,
누네안과병원,216336.473260368,467638.784627414,"경기도 남양주시 진접읍 해밀예당1로 28, 진접농협 4층, 5층 501호",30.0,14.0,21.0,0,여유,,,,,,,,,
국민최상병원,221173.580221594,461112.534975419,경기도 남양주시 경춘로 1342 (평내동),40.0,13.0,20.0,0,보통,,,,,,,,,
혜성병원,220961.424316632,460887.810846891,"경기도 남양주시 경춘로1308번길 4, 1층일부~10층 (평내동)",147.0,48.0,50.0,0,보통,,,,,,,,,
다산청아람어린이병원,213712.2584925,458170.929566794,"경기도 남양주시 다산순환로 349, 3~5층 (다산동)",59.0,39.0,20.0,0,보통,,,,,,,,,
하나소아청소년과병원,221365.019315782,461326.761556667,"경기도 남양주시 늘을1로16번길 25, 성보빌딩 4층, 10층층 (호평동)",41.0,25.0,14.0,0,보통,,,,,,,,,
히어로병원,215564.751413915,461840.452565837,경기도 남양주시 진건읍 사릉로442번길 15,75.0,16.0,6.0,0,혼잡,,,,,,,,,
의료법인혜수의료재단베리굿병원,209916.250321232,460844.848417585,"경기도 남양주시 별내5로5번길 5, 지앤지프라자 3~7층 (별내동)",45.0,11.0,21.0,0,보통,,,,,,,,,
다산의료소비자생활협동조합정석소아청소년과병원,217803.66538088,468707.744549913,"경기도 남양주시 진접읍 해밀예당1로 221, 6,7,8층 (지안빌딩)",34.0,17.0,9.0,0,혼잡,,,,,,,,,
휴메디병원,216840.97137281,469322.672860596,"경기도 남양주시 진접읍 금강로1521번길 1, 2,3,4층",88.0,16.0,11.0,0,혼잡,,,,,,,,,
서울어린이병원,206420.892586267,404630.267352849,경기도 오산시 경기대로 209 (원동),85.0,54.0,26.0,0,혼잡,,,,,,,,,
버팀병원,206499.470006139,405283.252464651,"경기도 오산시 경기대로 274, B1,1,2,3,5층 (오산동)",99.0,27.0,40.0,0,보통,,,,,,,,,
조은오산병원,205987.868803126,405822.412321036,경기도 오산시 오산로 307 (오산동),206.0,57.0,86.0,2,보통,A2114449,조은오산병원,경기도 오산시 오산로 307 (오산동),A2114449,조은오산병원,경기도 오산시 오산로 307 (오산동),A2114449,조은오산병원,경기도 오산시 오산로 307 (오산동)
삼성본병원,205393.685331078,409919.328262392,"경기도 오산시 북삼미로 175, 삼성본병원 A동 및 B동 (외삼미동)",70.0,20.0,77.0,0,여유,,,,,,,,,
송호욱병원,205647.234260691,407516.829454405,"경기도 오산시 내삼미로79번길 19, 6층~8층, 10층 (수청동)",36.0,9.0,17.0,0,보통,,,,,,,,,
웰봄병원,205620.013676842,407646.209154029,"경기도 오산시 경기대로 534, 3층 303호, 5~10층 (수청동)",59.0,35.0,34.0,0,여유,,,,,,,,,
평안한사랑병원,203668.201389907,409352.915769246,"경기도 오산시 수목원로 606, 오산세교CL타워 6층 (세교동)",120.0,22.0,5.0,0,혼잡,,,,,,,,,
삼성본어스병원,181769.094803804,438790.736716176,경기도 시흥시 은계중앙로306번길 82(대야동),65.0,21.0,28.0,0,보통,,,,,,,,,
연세더바로병원,181234.740780995,437482.353710166,"경기도 시흥시 수인로 3330, 301호, 4~8층 (대야동)",80.0,24.0,76.0,0,여유,,,,,,,,,
일어나병원,181391.740027891,430147.948810976,"경기도 시흥시 황고개로 472, 2~5층 (장곡동)",80.0,23.0,40.0,0,보통,,,,,,,,,
웰손병원,175810.848650867,429428.537944057,"경기도 시흥시 서울대학로264번길 26-32, 배곧중앙프라자 4층 (배곧동)",54.0,16.0,40.0,0,여유,,,,,,,,,
의료법인 풍진의료재단 스마트허브병원,176050.349785259,425977.252904172,"경기도 시흥시 공단1대로 263, 스마트허브 N-CITY 지하01호, 113호~121호, 127호, 153호,호 (정왕동)",100.0,32.0,7.0,0,혼잡,,,,,,,,,
아너스힐병원,182909.365671496,429765.20388897,"경기도 시흥시 능곡번영길 20, 센텀시티Ⅱ 3~6층, 7~8층 일부호 (능곡동)",255.0,72.0,88.0,2,보통,,,,,,,,,
흥케이병원,182922.65075394,430097.802602658,"경기도 시흥시 능곡번영길 22, 더나은프라자 5~8층 (능곡동)",82.0,25.0,62.0,0,여유,,,,,,,,,
오스본병원,194175.397516959,429991.28949303,"경기도 군포시 고산로 693, 하나로빌딩 5층, 6층 401-1호, 401-2호 (산본동)",30.0,10.0,13.0,0,보통,,,,,,,,,
효산의료재단 지샘병원,195265.287882364,428515.923529867,"경기도 군포시 군포로 591 (당동, (G샘병원)군포샘병원)",389.0,93.0,514.0,2,여유,,,,,,,,,
군포성모병원,194722.081425645,427175.880144215,"경기도 군포시 용호1로2번길 47-7, 군포성모병원빌딩 1층,2층 (당동)",142.0,39.0,15.0,0,혼잡,,,,,,,,,
의료법인 의왕시티의료재단 시티병원,197876.638173403,427589.962116534,경기도 의왕시 오전천로 29 (오전동),158.0,28.0,3.0,0,혼잡,,,,,,,,,
365키즈병원,197908.118709019,432041.564963236,"경기도 의왕시 평의길 34, 5층 601-602호 (내손동)",39.0,22.0,20.0,0,여유,,,,,,,,,
미사튼튼병원,216984.005356412,451047.219850785,"경기도 하남시 미사강변동로 73, 미사강변 노블레스 7~8층 (망월동)",44.0,13.0,32.0,0,여유,,,,,,,,,
유나이티드병원,216384.482447976,450246.551674775,"경기도 하남시 미사강변대로 48, 해든마루빌딩 3, 4층일부, 5층 (풍산동)",38.0,11.0,20.0,0,여유,,,,,,,,,
청봉병원,218375.838217839,448809.412660557,"경기도 하남시 하남대로802번길 5-4, 청봉기념병원 (신장동)",53.0,18.0,18.0,0,보통,,,,,,,,,
라이프재활의학과병원,216362.529418555,450216.114723771,"경기도 하남시 미사강변대로 42, DK골드타워 2~6층 7층일부호 (풍산동)",203.0,54.0,45.0,2,혼잡,,,,,,,,,
보바스병원,217054.185457375,449931.573217082,경기도 하남시 미사강변중앙로 50 (풍산동),218.0,89.0,102.0,2,보통,,,,,,,,,
하워드힐병원,206267.514895596,419545.712920044,경기도 용인시 기흥구 흥덕2로117번길 23 (영덕동),293.0,79.0,130.0,2,보통,,,,,,,,,
이음병원,206433.718452754,419211.031771227,"경기도 용인시 기흥구 흥덕1로 97, 5층~7층 (영덕동)",145.0,34.0,21.0,0,혼잡,,,,,,,,,
린병원,205813.010886518,422073.030984759,"경기도 용인시 수지구 포은대로59번길 15 (상현동, 광교복합의료센터)",318.0,71.0,108.0,2,보통,,,,,,,,,
(의)수지의료재단 용인수지병원,207457.23245973,423870.022361978,"경기도 용인시 수지구 풍덕천로22번길 15, 지하1,지상2~6층 (풍덕천동)",148.0,58.0,14.0,2,혼잡,,,,,,,,,
조은손병원,217219.572730937,414831.300475087,"경기도 용인시 처인구 중부대로 1349, 지하1 지상3~7층 (김량장동)",72.0,14.0,35.0,0,보통,,,,,,,,,
연세프라임병원,209581.01754216,421640.565160052,"경기도 용인시 기흥구 용구대로 2355 (마북동, 용인프라임병원)",77.0,16.0,38.0,0,보통,,,,,,,,,
김상수병원,210696.022462022,421283.214082481,"경기도 용인시 기흥구 구성로 111, 채러티디벨로퍼(주) 2-4층 (언남동)",36.0,11.0,5.0,0,혼잡,,,,,,,,,
서울예스병원,209623.042343449,425319.935213878,"경기도 용인시 수지구 용구대로 2736, 영일죽전빌딩 (죽전동)",99.0,23.0,102.0,0,여유,,,,,,,,,
광교참좋은병원,206040.234431387,421761.364192741,"경기도 용인시 수지구 광교중앙로 311, 우리상가 3층~9층 (상현동)",127.0,34.0,30.0,0,혼잡,,,,,,,,,
동백성루카병원,213281.315382226,418206.435554658,경기도 용인시 기흥구 동백죽전대로 315-29 (중동),40.0,28.0,42.0,0,여유,,,,,,,,,
용인제일메디병원,220212.474814183,419234.527919803,경기도 용인시 처인구 포곡읍 포곡로210번길 21-11,200.0,66.0,72.0,2,보통,,,,,,,,,
에제르병원,223349.757784535,415469.818306015,경기도 용인시 처인구 양지읍 양주로 165,79.0,35.0,7.0,0,혼잡,,,,,,,,,
용인연세병원,212259.330387287,419160.361272623,경기도 용인시 기흥구 어정로 85(상하동),99.0,27.0,32.0,0,보통,,,,,,,,,
바로웰병원,210308.208893341,425478.113279402,"경기도 용인시 수지구 현암로 72, 지하1층~4층 (죽전동)",138.0,36.0,74.0,0,여유,,,,,,,,,
올리브병원,213112.942409864,418896.56618353,"경기도 용인시 기흥구 동백죽전대로 361, 가동 지하1,지상2,3층 (중동)",65.0,50.0,22.0,0,보통,,,,,,,,,
새기준병원,219054.811996826,414646.395494034,경기도 용인시 처인구 중부대로 1539 (마평동),41.0,11.0,20.0,0,보통,,,,,,,,,
용인아이들병원,209678.529827953,421669.737135212,"경기도 용인시 기흥구 용구대로 2354, 3층 301호 (마북동)",45.0,27.0,25.0,0,여유,,,,,,,,,
라벤더힐병원,202952.489775864,428614.541863305,경기도 용인시 수지구 이종무로203번길 33 (고기동),82.0,49.0,32.0,0,보통,,,,,,,,,
메디필드한강병원,217774.903307083,414848.291964864,경기도 용인시 처인구 금령로39번길 8-6 (김량장동),207.0,52.0,144.0,2,여유,A2121142,메디필드한강병원,경기도 용인시 처인구 금령로39번길 8-6 (김량장동),A2121142,메디필드한강병원,경기도 용인시 처인구 금령로39번길 8-6 (김량장동),A2121142,메디필드한강병원,경기도 용인시 처인구 금령로39번길 8-6 (김량장동)
파주시티재활병원,179349.516188193,472107.243860378,"경기도 파주시 금빛로 19, 파주프라임타워 2~7층 (금촌동)",135.0,44.0,64.0,0,보통,,,,,,,,,
메디인병원,179436.236487642,473245.145106091,경기도 파주시 금릉역로 190(금촌동),219.0,73.0,162.0,2,여유,A2100131,메디인병원,경기도 파주시 금릉역로 190(금촌동),A2100131,메디인병원,경기도 파주시 금릉역로 190(금촌동),A2100131,메디인병원,경기도 파주시 금릉역로 190(금촌동)
달리자병원,178905.857514556,469196.076302023,"경기도 파주시 경의로 1204, 월드타워 10차 6,7,8층 (와동동)",53.0,22.0,21.0,0,보통,,,,,,,,,
연세오상병원,179030.016632932,469677.362217903,"경기도 파주시 책향기로 830, 월드스퀘어 3,4층 (와동동)",43.0,14.0,5.0,0,혼잡,,,,,,,,,
운정와이즈병원,178669.927419408,469645.093298959,"경기도 파주시 금바위로 50, 2~7,10,11층 (와동동)",95.0,47.0,81.0,0,여유,,,,,,,,,
브이아이씨365병원,179105.025387634,469670.991209011,"경기도 파주시 책향기로 836, 3,4,5층 (와동동)",40.0,25.0,33.0,0,여유,,,,,,,,,
인본병원,176648.742549707,469588.400880188,"경기도 파주시 청암로17번길 31, 3~8층 (목동동)",145.0,42.0,45.0,0,혼잡,,,,,,,,,
다나아병원,186690.734441412,475199.88552319,경기도 파주시 광탄면 큰여울길 20-16,51.0,11.0,6.0,0,혼잡,,,,,,,,,
미소래 여성병원,180080.453984394,472781.271424737,"경기도 파주시 금정7길 29, 미소래병원 (금촌동)",30.0,19.0,9.0,0,혼잡,,,,,,,,,
무척조은병원,180656.661295798,484619.970577927,경기도 파주시 문산읍 방촌로 1675-20,99.0,29.0,26.0,0,혼잡,A2100083,무척조은병원,경기도 파주시 문산읍 방촌로 1675-20,A2100083,무척조은병원,경기도 파주시 문산읍 방촌로 1675-20,A2100083,무척조은병원,경기도 파주시 문산읍 방촌로 1675-20
파주미래아동병원,177437.662520252,467771.910454094,"경기도 파주시 와석순환로 133, 5,6층 (동패동, 형성프라자)",44.0,27.0,19.0,0,보통,,,,,,,,,
파주한빛병원,175349.870472825,474640.294229502,경기도 파주시 탄현면 평화로574번길 17,200.0,53.0,4.0,2,혼잡,,,,,,,,,
기대플러스병원,176692.468336196,469612.964248483,"경기도 파주시 청암로17번길 33, 3,4층 (목동동, 현대메디칼프라자)",37.0,13.0,17.0,0,보통,,,,,,,,,
추새로병원,239271.029231516,420038.926118997,"경기도 이천시 영창로 189, 3~8층 (창전동)",86.0,20.0,11.0,0,혼잡,,,,,,,,,
한강아이제일병원,171813.68118138,460422.61361795,"경기도 김포시 김포한강11로 133, 중앙프라자 2,3,5층 (운양동)",61.0,40.0,22.0,0,보통,,,,,,,,,
유앤제이병원,167067.214640712,461369.235098312,"경기도 김포시 양촌읍 양곡2로 30, 2,3층 (김포메디컬시티)",46.0,13.0,17.0,0,보통,,,,,,,,,
김포다조은병원,164662.881212184,465308.17241651,경기도 김포시 통진읍 김포대로 2214,60.0,18.0,23.0,0,보통,,,,,,,,,
아너스힐병원,165408.796992948,464676.970996859,"경기도 김포시 통진읍 흥신로 320-10, 아너스힐병원",177.0,54.0,40.0,2,혼잡,,,,,,,,,
김포에이치(H)병원,166677.313331729,460125.311667818,"경기도 김포시 김포한강8로 412, 5-9, 11층 (구래동)",191.0,50.0,48.0,2,혼잡,,,,,,,,,
김포아이제일병원,166979.003897802,460200.559820393,"경기도 김포시 김포한강8로 382, 6,7,8,11층 (구래동)",86.0,53.0,34.0,0,보통,,,,,,,,,
연세더바른병원,166708.693536204,460397.294027501,"경기도 김포시 김포한강4로 543, 지오프라자 3,4층 (구래동)",47.0,15.0,18.0,0,보통,,,,,,,,,
마디척병원,173812.540825827,458693.750204598,경기도 김포시 북변중로 127 (북변동),43.0,16.0,25.0,0,여유,,,,,,,,,
국립교통재활병원,245783.789494878,443185.788366545,경기도 양평군 양평읍 중앙로 260,273.0,94.0,157.0,2,여유,,,,,,,,,
원주연세병원,283550.429134371,428716.135471866,"강원특별자치도 원주시 원일로 230, 지하1~지상4층 (학성동)",128.0,40.0,26.0,0,혼잡,,,,,,,,,
의료법인 명지의료재단 명지병원,309552.627113032,407551.197193625,"충청북도 제천시 내토로 991-0 (고암동,의료법인명지의료재단명지병원)",221.0,50.0,207.0,2,여유,,,,,,,,,
의료법인 성지의료재단 제천성지병원,307778.767456052,406338.443344888,충청북도 제천시 의림대로 284 (청전동),93.0,27.0,26.0,0,혼잡,,,,,,,,,
천안21세기병원,212230.099119945,370584.458871615,충청남도 천안시 서북구 부성6길 39-11 (두정동),40.0,10.0,18.0,0,보통,,,,,,,,,
앙즈로여성병원,209473.328854003,367678.58844942,"충청남도 천안시 서북구 불당33길 1, 외1(불당25로104) (불당동)",46.0,25.0,24.0,0,여유,,,,,,,,,
천안리턴병원,209712.890694003,368783.731868105,"충청남도 천안시 서북구 불당23로 73-27, 2층,3층 2층(217~222)호 (불당동)",110.0,31.0,48.0,0,보통,,,,,,,,,
천안다나힐병원,214090.92969049,368733.077074382,충청남도 천안시 동남구 터미널3길 5(신부동),66.0,28.0,13.0,0,혼잡,,,,,,,,,
나은필병원,214154.428994045,368636.757402299,"충청남도 천안시 동남구 만남로 64, 1층일부,4~9층 (신부동)",170.0,53.0,114.0,2,여유,A2402812,나은필병원,"충청남도 천안시 동남구 만남로 64, 1층일부,4~9층 (신부동)",A2402812,나은필병원,"충청남도 천안시 동남구 만남로 64, 1층일부,4~9층 (신부동)",A2402812,나은필병원,"충청남도 천안시 동남구 만남로 64, 1층일부,4~9층 (신부동)"
돋움병원,211995.525599993,369196.041993764,충청남도 천안시 서북구 동서대로 110-23 (성정동),100.0,21.0,30.0,0,혼잡,,,,,,,,,
두정이진병원,211575.023157984,369413.570416111,충청남도 천안시 서북구 동서대로 65 (두정동),59.0,36.0,47.0,0,여유,,,,,,,,,
서울우리병원,210948.778268171,369227.733706904,"충청남도 천안시 서북구 한들3로 9 (백석동, 서울우리병원)",58.0,15.0,25.0,0,보통,,,,,,,,,
꿈크는아이병원,204899.116222092,363846.590306251,충청남도 아산시 배방읍 배방로13번길 13,52.0,34.0,24.0,0,보통,,,,,,,,,
신도시이진병원,209510.71,365374.975,"충청남도 아산시 배방읍 희망로46번길 45-9 (정주프라자, 지하1층, 2~5층)",54.0,29.0,36.0,0,여유,,,,,,,,,
삼성미즈병원,209266.285702504,365203.317085427,"충청남도 아산시 배방읍 희망로46번길 16, 지하1~4층, 지상2~6층,10층",72.0,49.0,21.0,0,혼잡,,,,,,,,,
위라이브병원,207658.002455162,365195.163302908,"충청남도 아산시 탕정면 한들물빛6로 32, 5층 507~509호, 6~8층",68.0,20.0,67.0,0,여유,,,,,,,,,
서산본병원,151025.722611884,363649.621468433,"충청남도 서산시 호수공원1로 34, 지하1~지상5층 (예천동)",80.0,27.0,31.0,0,보통,,,,,,,,,
의료법인 모두온의료재단 메디플러스병원,185120.866187509,352992.464900222,충청남도 예산군 예산읍 마상길 9,86.0,32.0,10.0,0,혼잡,,,,,,,,,
더세움병원,214315.255498626,259120.193614888,전북특별자치도 전주시 덕진구 서가재미2길 7 (인후동1가),127.0,33.0,13.0,0,혼잡,,,,,,,,,
온누리안과병원,210951.500487725,258015.543942824,"전북특별자치도 전주시 완산구 백제대로 325, 온누리안과 (중화산동2가)",30.0,10.0,19.0,0,여유,,,,,,,,,
드림솔병원,208474.12932224,258866.908466161,전북특별자치도 전주시 완산구 천잠로 507 (효자동3가),169.0,33.0,29.0,0,혼잡,,,,,,,,,
온고을재활의학과병원,212558.125007571,256910.195189658,전북특별자치도 전주시 완산구 완산길 100 (서완산동1가),92.0,24.0,4.0,0,혼잡,,,,,,,,,
전주우리척병원,209691.438974311,255894.196468781,전북특별자치도 전주시 완산구 쑥고개로 398-16 (효자동2가),90.0,30.0,26.0,0,혼잡,,,,,,,,,
미르피아 여성병원,209209.385798437,255916.781228898,전북특별자치도 전주시 완산구 쑥고개로 343 (효자동2가),56.0,44.0,14.0,0,혼잡,,,,,,,,,
전주신세계정형외과병원,210819.499198157,262014.062671109,전북특별자치도 전주시 덕진구 송천중앙로 125 (송천동1가),51.0,15.0,7.0,0,혼잡,,,,,,,,,
의료법인영경의료재단호성전주병원,213277.268022603,262817.489292871,전북특별자치도 전주시 덕진구 동부대로 895 (호성동1가),122.0,35.0,14.0,0,혼잡,A2501890,의료법인영경의료재단호성전주병원,전북특별자치도 전주시 덕진구 동부대로 895 (호성동1가),A2501890,의료법인영경의료재단호성전주병원,전북특별자치도 전주시 덕진구 동부대로 895 (호성동1가),A2501890,의료법인영경의료재단호성전주병원,전북특별자치도 전주시 덕진구 동부대로 895 (호성동1가)
의료법인 모세의료재단 모세병원,173870.044842688,274456.744454164,전북특별자치도 군산시 문화로 47 (수송동),99.0,32.0,5.0,0,혼잡,,,,,,,,,
의료법인성하의료재단누가병원,175899.168218518,275015.404885896,전북특별자치도 군산시 백릉로 70 (조촌동),124.0,34.0,14.0,0,혼잡,,,,,,,,,
김제병원,189276.068076958,256153.154144416,전북특별자치도 김제시 중앙로 55 (서암동),111.0,29.0,17.0,0,혼잡,,,,,,,,,
의료법인 일암의료재단 고려병원,206646.202000932,267726.576539501,전북특별자치도 완주군 삼례읍 동학로 21,94.0,23.0,14.0,0,혼잡,,,,,,,,,
목포예향병원,145238.867196376,143780.932886033,전라남도 목포시 삼학로223번길 38 (산정동),120.0,32.0,10.0,0,혼잡,,,,,,,,,
순천우리병원,247054.292264489,161652.059888853,"전라남도 순천시 이수로 291 (조례동, 순천우리병원)",92.0,16.0,46.0,0,보통,,,,,,,,,
미즈여성아동병원,247609.401776899,162472.636652326,전라남도 순천시 조례1길 10-26 (조례동),97.0,57.0,61.0,0,여유,,,,,,,,,
순천센텀병원,248545.556446683,161758.197680977,전라남도 순천시 백연길 100 (조례동),56.0,21.0,8.0,0,혼잡,,,,,,,,,
플러스아이미코병원,247450.96708133,162522.204910835,전라남도 순천시 신월큰길 7 (조례동),62.0,36.0,40.0,0,여유,,,,,,,,,
청연우리병원,246412.24101948,160300.659949421,전라남도 순천시 팔마로 212 (풍덕동),42.0,12.0,15.0,0,보통,,,,,,,,,
연세광혜병원,244094.723209711,162443.013716934,전라남도 순천시 중앙로 166 (매곡동),30.0,8.0,20.0,0,여유,,,,,,,,,
척병원,246451.051190845,160402.704784253,"전라남도 순천시 팔마로 205 (덕암동, LG전자)",61.0,15.0,25.0,0,보통,,,,,,,,,
힘플러스병원,247404.423077954,162522.570855076,전라남도 순천시 신월큰길 13 (조례동),87.0,27.0,21.0,0,혼잡,,,,,,,,,
남악아동병원,150920.978645472,145973.88362987,전라남도 무안군 삼향읍 대죽동로 30,44.0,21.0,6.0,0,혼잡,,,,,,,,,
장성혜원병원,179425.26352269,199842.80179129,전라남도 장성군 장성읍 강변안길 22,150.0,32.0,28.0,0,혼잡,,,,,,,,,
신라미소병원,406950.61564555,262342.509426757,"경상북도 경주시 보문로 465-67, B동 (신평동)",78.0,33.0,15.0,0,혼잡,,,,,,,,,
빛으로병원,361505.259282317,338842.348791037,"경상북도 안동시 경동로 1462-68, 지하1-2ㅣ상2층 (송천동)",39.0,12.0,5.0,0,혼잡,,,,,,,,,
의)근원의료재단 경산중앙병원,357125.344571153,257907.700908726,경상북도 경산시 경안로 11 (백천동),439.0,103.0,160.0,2,보통,,,,,,,,,
꿈그린소아청소년과병원,355702.897481798,260837.289762984,"경상북도 경산시 대학로 11, 3~6층 (중산동)",40.0,26.0,19.0,0,보통,,,,,,,,,
경북권역재활병원,359522.076026426,258646.546023106,경상북도 경산시 미래로 120 (평산동),150.0,40.0,17.0,0,혼잡,,,,,,,,,
튼튼소아청소년과병원,296471.674980845,186415.043317932,"경상남도 진주시 진양호로 206, BYC 진주빌딩 (평거동)",70.0,46.0,22.0,0,보통,,,,,,,,,
동진주 제일병원,301579.596962866,188722.32222842,경상남도 진주시 대신로 359 (하대동),163.0,67.0,40.0,2,혼잡,,,,,,,,,
예담소아청소년과병원,304518.995135219,186903.429526048,"경상남도 진주시 충의로 20-33, 동행빌딩2층,1층116호,117호 (충무공동)",40.0,25.0,16.0,0,보통,,,,,,,,,
진주 수 병원,299546.478840866,187140.102699445,"경상남도 진주시 동진로 22, 아주스타타워 5층 (칠암동)",50.0,20.0,18.0,0,보통,,,,,,,,,
진주굿모닝병원,296088.327255638,188542.231014133,"경상남도 진주시 서장대로213번길 7, 지하1~지상4 (이현동)",152.0,49.0,19.0,0,혼잡,,,,,,,,,
강남병원,300444.706915786,187274.065350368,"경상남도 진주시 동진로 111, 한보프라자 1층(101호,108호),7-9층 (상대동)",100.0,31.0,13.0,0,혼잡,,,,,,,,,
베스트재활의학과병원,296088.327255638,188542.231014133,경상남도 진주시 서장대로213번길 7 (이현동),192.0,62.0,18.0,2,혼잡,,,,,,,,,
진주새롬재활의학과병원,299546.478840866,187140.102699445,"경상남도 진주시 동진로 22, 2층, 9층, 11층, 12층 (칠암동)",79.0,22.0,13.0,0,혼잡,,,,,,,,,
진주본병원,296471.674980845,186415.043317932,"경상남도 진주시 진양호로 206, BYC 진주빌딩 4,5,6,7층 (평거동)",110.0,31.0,41.0,0,보통,,,,,,,,,
통영서울병원,329360.837168442,153272.485764468,경상남도 통영시 광도면 남해안대로 857,165.0,37.0,63.0,0,보통,,,,,,,,,
서울아동병원,330622.098011822,152195.384262326,"경상남도 통영시 중앙로 334-1, 4층, 6~9층 (무전동)",59.0,34.0,8.0,0,혼잡,,,,,,,,,
통영고려병원,330588.771312147,151951.251531925,"경상남도 통영시 중앙로 310, 통영고려병원 (무전동)",149.0,45.0,11.0,0,혼잡,,,,,,,,,
하나병원,299012.674452824,176450.749006135,"경상남도 사천시 사천읍 진삼로 1468-8, 하나병원",172.0,60.0,48.0,2,혼잡,A2804216,하나병원,"경상남도 사천시 사천읍 진삼로 1468-8, 하나병원",A2804216,하나병원,"경상남도 사천시 사천읍 진삼로 1468-8, 하나병원",A2804216,하나병원,"경상남도 사천시 사천읍 진삼로 1468-8, 하나병원"
의료법인승연의료재단 삼천포서울병원,298618.809313345,159904.012939162,경상남도 사천시 남일로 33 (동금동),287.0,97.0,180.0,2,여유,A2800068,의료법인승연의료재단 삼천포서울병원,경상남도 사천시 남일로 33 (동금동),A2800068,의료법인승연의료재단 삼천포서울병원,경상남도 사천시 남일로 33 (동금동),A2800068,의료법인승연의료재단 삼천포서울병원,경상남도 사천시 남일로 33 (동금동)
사천서울아동병원,299463.071476421,176223.37211629,경상남도 사천시 사천읍 선평길 17 (서울아동병원),42.0,20.0,13.0,0,혼잡,,,,,,,,,
삼성아동병원,370011.434339421,197261.396164361,"경상남도 김해시 삼계중앙로 36, 6~8층 (삼계동)",56.0,34.0,18.0,0,보통,,,,,,,,,
아이사랑병원,372358.59838998,193891.223034873,경상남도 김해시 활천로 22 (삼정동),36.0,20.0,11.0,0,혼잡,,,,,,,,,
의료법인 지평의료재단 메가병원,364226.148832948,189505.695504063,경상남도 김해시 계동로 237 (대청동),203.0,48.0,64.0,2,보통,A2800063,의료법인 지평의료재단 메가병원,경상남도 김해시 계동로 237 (대청동),A2800063,의료법인 지평의료재단 메가병원,경상남도 김해시 계동로 237 (대청동),A2800063,의료법인 지평의료재단 메가병원,경상남도 김해시 계동로 237 (대청동)
우리여성병원,369878.949800245,194806.851920252,경상남도 김해시 내외중앙로 91 (내동),38.0,20.0,13.0,0,보통,,,,,,,,,
더(the)큰병원,370130.980386833,193926.460822338,"경상남도 김해시 분성로 208, 3~10층 (외동)",80.0,20.0,37.0,0,보통,,,,,,,,,
율하꿈나무병원,365210.875329864,187300.916324975,"경상남도 김해시 율하3로 38, 7,8층 702,801호 (율하동)",40.0,26.0,18.0,0,보통,,,,,,,,,
강일병원,370104.280586168,196820.25274265,경상남도 김해시 가락로 359 (구산동),290.0,59.0,149.0,2,여유,A2803677,강일병원,경상남도 김해시 가락로 359 (구산동),A2803677,강일병원,경상남도 김해시 가락로 359 (구산동),A2803677,강일병원,경상남도 김해시 가락로 359 (구산동)
서울새싹병원,365260.660326628,187465.860776023,"경상남도 김해시 율하3로 53, 303,701,703,801호 (율하동)",48.0,31.0,24.0,0,보통,,,,,,,,,
의료법인희원의료재단 래봄병원,370092.097875262,193900.978952054,경상남도 김해시 분성로 202 (외동),199.0,56.0,26.0,2,혼잡,,,,,,,,,
김해바른병원,371298.31223186,193958.333997883,"경상남도 김해시 가락로 42, 4~7층 (부원동)",55.0,16.0,10.0,0,혼잡,,,,,,,,,
진영새싹병원,357869.823150865,202193.79793937,"경상남도 김해시 진영읍 본산로 15-17, 굿프라임시티 301,303,304호",51.0,31.0,22.0,0,보통,,,,,,,,,
더프라임병원,369840.19550908,194811.836929593,"경상남도 김해시 경원로55번길 12, 1층~5층,9층 (내동)",30.0,21.0,16.0,0,여유,,,,,,,,,
의료법인 생명사랑의료재단 밀양윤병원,359252.101692831,221946.178292819,경상남도 밀양시 삼문중앙로 32 (삼문동),190.0,63.0,88.0,2,보통,A2800057,의료법인 생명사랑의료재단 밀양윤병원,경상남도 밀양시 삼문중앙로 32 (삼문동),A2800057,의료법인 생명사랑의료재단 밀양윤병원,경상남도 밀양시 삼문중앙로 32 (삼문동),A2800057,의료법인 생명사랑의료재단 밀양윤병원,경상남도 밀양시 삼문중앙로 32 (삼문동)
미르아이병원,358601.630073468,221858.36884659,"경상남도 밀양시 미리벌중앙로 67, 2~4층 (삼문동)",35.0,22.0,8.0,0,혼잡,,,,,,,,,
의료법인지원의료재단 굿모닝병원,360360.699085534,222610.539831927,경상남도 밀양시 용평로5길 4-20 (용평동),180.0,88.0,15.0,2,혼잡,,,,,,,,,
나노병원,359451.057336205,221903.254547206,경상남도 밀양시 중앙로 229 (삼문동),70.0,21.0,14.0,0,혼잡,,,,,,,,,
의료법인 성념의료재단맑은샘병원,350162.803052425,156668.980849415,경상남도 거제시 연초면 거제대로 4477,200.0,36.0,162.0,2,여유,A2800022,의료법인 성념의료재단맑은샘병원,경상남도 거제시 연초면 거제대로 4477,A2800022,의료법인 성념의료재단맑은샘병원,경상남도 거제시 연초면 거제대로 4477,A2800022,의료법인 성념의료재단맑은샘병원,경상남도 거제시 연초면 거제대로 4477
서울아동병원,348113.819569219,155705.850872118,경상남도 거제시 서문로5길 6 (고현동),61.0,34.0,24.0,0,보통,,,,,,,,,
대우아동병원,354577.178849059,156280.390037128,"경상남도 거제시 옥포대첩로 38, 유라빌딩 2,3,4,6층 (옥포동)",38.0,25.0,14.0,0,보통,,,,,,,,,
맑은샘센텀병원,354315.333251239,156115.676716091,경상남도 거제시 거제대로 3762 (옥포동),150.0,47.0,21.0,0,혼잡,,,,,,,,,
양산성모병원,396553.214532638,214025.902549093,경상남도 양산시 서창로 59 (명동),225.0,82.0,94.0,2,보통,A2804593,양산성모병원,경상남도 양산시 서창로 59 (명동),A2804593,양산성모병원,경상남도 양산시 서창로 59 (명동),A2804593,양산성모병원,경상남도 양산시 서창로 59 (명동)
자인힐병원,383189.632933461,204964.435324953,"경상남도 양산시 물금읍 청운로 345, 캠퍼스프라자1차 202,204~208,302,305~308,701호",55.0,36.0,7.0,0,혼잡,,,,,,,,,
서울패미리병원,382305.605706595,203091.539420983,"경상남도 양산시 물금읍 증산역로 135, 퍼스트조양 6.7층",50.0,33.0,19.0,0,보통,,,,,,,,,
양산아이들병원,383323.948236657,204955.376003139,"경상남도 양산시 물금읍 청운로 354, 아이시티 6~7층",56.0,35.0,11.0,0,혼잡,,,,,,,,,
본바른병원,383165.000408148,204938.205729143,"경상남도 양산시 물금읍 청운로 343, 양산바른빌딩 1층일부, 4층~10층",186.0,54.0,100.0,2,여유,A2803867,본바른병원,"경상남도 양산시 물금읍 청운로 343, 양산바른빌딩 1층일부, 4층~10층",A2803867,본바른병원,"경상남도 양산시 물금읍 청운로 343, 양산바른빌딩 1층일부, 4층~10층",A2803867,본바른병원,"경상남도 양산시 물금읍 청운로 343, 양산바른빌딩 1층일부, 4층~10층"
더이로운병원,385100.596537981,207469.1304634,"경상남도 양산시 양산대로 886, 4층~10층 (북부동)",80.0,23.0,16.0,0,혼잡,,,,,,,,,
양산제일병원,384290.777636431,203729.471197887,"경상남도 양산시 동면 금오로 255, 3층일부4~8층 301,302호 (양산에이치타워)",172.0,44.0,66.0,2,보통,,,,,,,,,
이레 아이병원,382061.353903074,203816.067088552,"경상남도 양산시 물금읍 청운로 185, 504~507, 601~605호",40.0,25.0,9.0,0,혼잡,,,,,,,,,
센텀힐병원,395637.95878895,211219.241186933,경상남도 양산시 평산로 11 (평산동),146.0,44.0,80.0,0,여유,,,,,,,,,
웅상좋은아이병원,395640.225493293,211274.452145269,경상남도 양산시 평산로 12 (평산동),48.0,27.0,16.0,0,보통,,,,,,,,,
단디병원,384232.71200234,206239.031503393,"경상남도 양산시 강변로 442, 늘푸른빌딩 3,5,6,7층 (중부동)",86.0,26.0,50.0,0,여유,,,,,,,,,
힘나는병원,382722.510114977,203831.586559052,"경상남도 양산시 물금읍 부산대학로 130, 3,4,6,7,9층 5층일부호",78.0,24.0,32.0,0,보통,,,,,,,,,
한아름병원,383107.101748324,204948.394983399,"경상남도 양산시 물금읍 범구로 27, 2~6층,10층",45.0,31.0,29.0,0,여유,,,,,,,,,
의료법인 학산의료재단 아라한국병원,330195.305365043,198164.803829666,경상남도 함안군 산인면 학산2길 17-50,200.0,57.0,43.0,2,혼잡,,,,,,,,,
시영의료재단 영동병원,337771.067911962,202115.594447052,경상남도 함안군 칠원읍 용산2길 45-13,71.0,18.0,17.0,0,혼잡,A2800138,시영의료재단 영동병원,경상남도 함안군 칠원읍 용산2길 45-13,A2800138,시영의료재단 영동병원,경상남도 함안군 칠원읍 용산2길 45-13,A2800138,시영의료재단 영동병원,경상남도 함안군 칠원읍 용산2길 45-13
태황의료재단한성병원,335364.00161905,227960.620245044,경상남도 창녕군 창녕읍 교리1길 2,167.0,33.0,28.0,0,혼잡,A2800062,태황의료재단한성병원,경상남도 창녕군 창녕읍 교리1길 2,A2800062,태황의료재단한성병원,경상남도 창녕군 창녕읍 교리1길 2,A2800062,태황의료재단한성병원,경상남도 창녕군 창녕읍 교리1길 2
더 조은병원,321048.222231938,164680.090471396,경상남도 고성군 고성읍 동외로 142,99.0,25.0,20.0,0,혼잡,,,,,,,,,
중앙메디컬병원,282904.626404062,243425.946528152,"경상남도 거창군 거창읍 거창대로1길 7-2, 2~7층",100.0,53.0,24.0,0,혼잡,,,,,,,,,
삼성합천병원,305394.503939399,230255.246002156,경상남도 합천군 합천읍 대야로 876,135.0,29.0,26.0,0,혼잡,A2800055,삼성합천병원,경상남도 합천군 합천읍 대야로 876,A2800055,삼성합천병원,경상남도 합천군 합천읍 대야로 876,A2800055,삼성합천병원,경상남도 합천군 합천읍 대야로 876
수앤수병원,192172.569947388,401434.559054249,"경기도 화성시 만세구 향남읍 상신하길로298번길 7-27, 3-6(5,6일부)층",71.0,14.0,12.0,0,혼잡,,,,,,,,,
의료법인 은혜와감사의료재단 향남스마트병원,192021.935432356,401449.210279128,"경기도 화성시 만세구 향남읍 상신하길로298번길 11, 6일부,8,9,10층",99.0,28.0,9.0,0,혼잡,,,,,,,,,
화성유일병원,185071.748550544,412891.236742031,경기도 화성시 만세구 남양읍 남양로920번길 6,173.0,65.0,96.0,2,여유,,,,,,,,,
화성디에스병원,184456.853277629,410831.374335291,"경기도 화성시 만세구 남양읍 시청로160번길 46-13, 1,3~8층",87.0,25.0,12.0,0,혼잡,,,,,,,,,
동탄성모병원,209456.590689976,407290.50724525,"경기도 화성시 동탄구 동탄순환대로 127-19, 동탄에스비타운 3(일부),6,7층 (산척동)",64.0,44.0,30.0,0,보통,,,,,,,,,
의료법인 시몬의료재단 우리가병원,169846.109216881,407961.229209906,경기도 화성시 만세구 서신면 해양공단로 24-3,37.0,15.0,15.0,0,보통,,,,,,,,,
의료법인 신명진의료재단 퍼스트힐화성병원,183900.709359147,411837.251844919,"경기도 화성시 만세구 남양읍 시청로 11, 1,2층 일부 및 3~5층호",60.0,30.0,7.0,0,혼잡,,,,,,,,,
동탄시티병원,205488.057120239,411845.198436186,"경기도 화성시 동탄구 동탄지성로 113, 117 (반송동)",172.0,47.0,30.0,2,혼잡,,,,,,,,,
참조은병원,222966.098120518,434349.257901887,경기도 광주시 광주대로 45 (경안동),332.0,89.0,426.0,2,여유,A2100155,참조은병원,경기도 광주시 광주대로 45 (경안동),A2100155,참조은병원,경기도 광주시 광주대로 45 (경안동),A2100155,참조은병원,경기도 광주시 광주대로 45 (경안동)
더플러스병원,222605.106541857,434180.787667982,경기도 광주시 경안로 40 (경안동),62.0,14.0,16.0,0,혼잡,,,,,,,,,
미켈란젤로병원,222978.08882691,434185.710831595,"경기도 광주시 광주대로 31, GA타워 9, 10층 (경안동)",56.0,38.0,25.0,0,보통,,,,,,,,,
나무정원여성병원,204200.334410346,480021.458853364,경기도 양주시 평화로1489번길 19-11 (덕계동),65.0,50.0,21.0,0,보통,,,,,,,,,
에스엘서울병원,207443.204626605,477561.796670471,경기도 양주시 고삼로 13 (만송동),61.0,21.0,37.0,0,여유,,,,,,,,,
의료법인승현의료재단 심산서울병원,347343.909179975,195902.597271493,"경상남도 창원시 의창구 평산로 96, 웰빙프라자 3,4,5층 302,305호 (팔용동)",216.0,71.0,33.0,2,혼잡,,,,,,,,,
창원더키움병원,348155.162473788,196806.698919078,"경상남도 창원시 의창구 중동중앙로 95, 2층, 3층일부, 5~7층 (중동)",68.0,43.0,19.0,0,혼잡,,,,,,,,,
의료법인신화성의료재단 잘본병원,344405.405969556,192666.512314369,경상남도 창원시 마산회원구 합포로 285(양덕동),168.0,45.0,45.0,2,혼잡,,,,,,,,,
다나병원,355514.04352775,183435.560114701,"경상남도 창원시 진해구 진해대로1026번길 4, 더연리지 301,401호 (풍호동)",60.0,39.0,19.0,0,보통,,,,,,,,,
의료법인성인의료재단이에이씨창원병원,343804.743576694,183680.472254324,"경상남도 창원시 마산합포구 가포로 652, 303, 402호 (덕동동)",150.0,73.0,70.0,2,보통,,,,,,,,,
우리병원,365038.184571485,179435.101382295,"경상남도 창원시 진해구 용원로 13, 1층(102호), 2~5층 (용원동)",64.0,22.0,19.0,0,혼잡,,,,,,,,,
의료법인 상원의료재단 창원힘찬병원,346078.111882594,196360.555495786,경상남도 창원시 의창구 의창대로 45 (소계동),130.0,25.0,69.0,0,여유,,,,,,,,,
굿모닝내과병원,346316.539861827,196518.347686338,경상남도 창원시 의창구 사화로 6 (팔용동),47.0,12.0,12.0,0,혼잡,,,,,,,,,
구트병원,352680.707892371,193422.687895492,"경상남도 창원시 성산구 원이대로 578, 구트병원빌딩 6층,8-12층 (중앙동)",61.0,21.0,12.0,0,혼잡,,,,,,,,,
서울병원,343476.674808595,193625.32060604,경상남도 창원시 마산회원구 3·15대로 653 (석전동),72.0,18.0,36.0,0,보통,,,,,,,,,
양덕서울아동병원,343793.636911117,193921.771079411,경상남도 창원시 마산회원구 양덕로 190 (석전동),60.0,34.0,29.0,0,보통,,,,,,,,,
희망병원,365060.535770929,179430.095388128,"경상남도 창원시 진해구 용원로 15 (용원동, 희망병원)",150.0,31.0,17.0,0,혼잡,,,,,,,,,
창원튼튼i병원,348665.46014093,196597.782207915,경상남도 창원시 의창구 원이대로 53 (도계동),58.0,40.0,24.0,0,보통,,,,,,,,,
상남한마음병원,353510.078835635,192608.700335713,"경상남도 창원시 성산구 원이대로682번길 21, 상남한마음병원 (상남동)",262.0,112.0,95.0,2,보통,,,,,,,,,
이에이씨병원,354396.611003315,194626.971041122,경상남도 창원시 의창구 용동로57번길 28 (사림동),187.0,75.0,21.0,2,혼잡,,,,,,,,,
바이탈병원,345589.920407425,203829.546872373,경상남도 창원시 의창구 북면 천주로 785,144.0,42.0,20.0,0,혼잡,,,,,,,,,
바른재활병원,350884.577655157,194367.045701322,"경상남도 창원시 성산구 창원천로94번길 82-18, 푸른요양병원(A동) (대원동)",148.0,38.0,32.0,0,혼잡,,,,,,,,,
창원경상국립대학교병원,355438.496772389,190252.946459995,"경상남도 창원시 성산구 삼정자로 11 (성주동, 창원경상대학교병원)",523.0,148.0,957.0,1,여유,A2803505,창원경상국립대학교병원,"경상남도 창원시 성산구 삼정자로 11 (성주동, 창원경상대학교병원)",A2803505,창원경상국립대학교병원,"경상남도 창원시 성산구 삼정자로 11 (성주동, 창원경상대학교병원)",A2803505,창원경상국립대학교병원,"경상남도 창원시 성산구 삼정자로 11 (성주동, 창원경상대학교병원)"
키즈웰소아청소년과병원,344314.546433922,192727.352451467,"경상남도 창원시 마산회원구 용마로 130, 메트로센텀 5,11층 (양덕동)",56.0,35.0,18.0,0,보통,,,,,,,,,
화사랑병원,354732.801603044,194618.032403253,"경상남도 창원시 의창구 용동로83번안길 3, 화사랑메디컬 3-5층 (사림동)",61.0,23.0,9.0,0,혼잡,,,,,,,,,
희연재활병원,351260.497721082,194674.701177344,"경상남도 창원시 성산구 원이대로393번길 25, 희연빌딩 1층일부, 4~5층일부, 6층, 지하1~2층일부호 (반지동)",290.0,89.0,98.0,2,보통,,,,,,,,,
365병원,343709.440947815,193863.163976833,경상남도 창원시 마산회원구 3·15대로 686 (석전동),212.0,64.0,48.0,2,혼잡,,,,,,,,,
의료법인 심연의료재단 세명병원,365284.884321666,179525.513651218,경상남도 창원시 진해구 용원서로 42 (용원동),161.0,45.0,19.0,0,혼잡,,,,,,,,,
베스트수병원,343793.636911117,193921.771079411,"경상남도 창원시 마산회원구 양덕로 190 (석전동, 바른몸빌딩)",85.0,20.0,10.0,0,혼잡,,,,,,,,,
신마산서울아동병원,342112.071088871,188068.422310279,"경상남도 창원시 마산합포구 문화동15길 25 (창포동3가, 롯데빌리지)",36.0,20.0,22.0,0,여유,,,,,,,,,
트리니움여성병원,227070.425487654,332386.622433673,"세종특별자치시 한누리대로 1934, 메인타워 (반곡동)",73.0,42.0,38.0,0,여유,,,,,,,,,
세종충남대학교병원,223047.577467673,335425.690379894,"세종특별자치시 보듬7로 20, 세종충남대학교병원 (도담동)",405.0,133.0,854.0,1,여유,A1800441,세종충남대학교병원,"세종특별자치시 보듬7로 20, 세종충남대학교병원 (도담동)",A1800441,세종충남대학교병원,"세종특별자치시 보듬7로 20, 세종충남대학교병원 (도담동)",A1800441,세종충남대학교병원,"세종특별자치시 보듬7로 20, 세종충남대학교병원 (도담동)"
아름드리나무어린이병원,222181.425938426,334513.707683316,"세종특별자치시 보듬3로 101, 5~7층 (아름동)",56.0,37.0,30.0,0,여유,,,,,,,,,
서울현병원,223082.154561222,332111.535873778,"세종특별자치시 나성북로 15, MVG 4-7층 (나성동)",73.0,22.0,36.0,0,보통,,,,,,,,,
의료법인 영제 의료재단 엔케이세종병원,223430.86798229,330990.495508785,"세종특별자치시 한누리대로 161, 세종시 NK리움힐 상가 1~8층 (나성동)",200.0,65.0,100.0,2,보통,A1800417,의료법인 영제 의료재단 엔케이세종병원,"세종특별자치시 한누리대로 161, 세종시 NK리움힐 상가 1~8층 (나성동)",A1800417,의료법인 영제 의료재단 엔케이세종병원,"세종특별자치시 한누리대로 161, 세종시 NK리움힐 상가 1~8층 (나성동)",A1800417,의료법인 영제 의료재단 엔케이세종병원,"세종특별자치시 한누리대로 161, 세종시 NK리움힐 상가 1~8층 (나성동)"
서로손병원,244062.451738012,351633.270302231,"충청북도 청주시 청원구 충청대로 98-0 (율량동,한길빌딩)",124.0,38.0,15.0,0,혼잡,,,,,,,,,
청주탑병원,243386.254577548,348522.731847745,"충청북도 청주시 상당구 교서로 1, 청주탑병원 (영동)",70.0,22.0,20.0,0,혼잡,,,,,,,,,
아이엠재활병원,243636.173067913,346971.91448877,충청북도 청주시 서원구 청남로 2140 (모충동),213.0,55.0,25.0,2,혼잡,,,,,,,,,
씨엔씨푸른병원,238370.672750086,347272.510736329,"충청북도 청주시 흥덕구 2순환로 1234, 1,2,4~10층 (강서동)",110.0,23.0,33.0,0,혼잡,,,,,,,,,
마디사랑병원,243793.435910381,348672.120586904,충청북도 청주시 상당구 상당로 112 (북문로2가),49.0,16.0,10.0,0,혼잡,,,,,,,,,
뿌리병원,243445.784592748,350736.102143287,충청북도 청주시 청원구 내덕로 56 (내덕동),200.0,45.0,43.0,2,혼잡,,,,,,,,,
아이웰어린이병원,244334.514865852,352270.689437342,"충청북도 청주시 청원구 주성로 273, 2~7층 (주성동)",88.0,50.0,21.0,0,혼잡,,,,,,,,,
다나여성병원,244247.642761264,352429.600773865,"충청북도 청주시 청원구 충청대로 179 (주중동, 청주다나여성병원)",66.0,37.0,20.0,0,혼잡,,,,,,,,,
제주푸른병원,166443.35292143,-2088.29807124204,제주특별자치도 제주시 조천읍 번영로 957,54.0,17.0,22.0,0,보통,,,,,,,,,
제주우리병원,157147.394131775,-726.437298396982,제주특별자치도 제주시 중앙로 373 (이도이동),66.0,17.0,42.0,0,여유,,,,,,,,,
제주선한병원,157823.169786985,-2974.48087697753,"제주특별자치도 제주시 중앙로 616, 2~4층 (아라일동)",99.0,32.0,41.0,0,보통,,,,,,,,,
WE병원,148173.713257135,-23183.7751278421,제주특별자치도 서귀포시 1100로 453-95 (회수동),32.0,17.0,3.0,0,혼잡,,,,,,,,,
제주권역재활병원,159139.764891953,-26937.64828252,제주특별자치도 서귀포시 동문로 1 (서귀동),138.0,35.0,46.0,0,보통,,,,,,,,,
